id,premium,name,department,has_test,response_letter_required,area,salary,type,address,response_url,sort_point_distance,published_at,created_at,archived,apply_alternate_url,show_logo_in_search,insider_interview,url,alternate_url,relations,employer,snippet,contacts,schedule,working_days,working_time_intervals,working_time_modes,accept_temporary,professional_roles,accept_incomplete_resumes,experience,employment,adv_response_url,is_adv_vacancy,adv_context,branding
95695925,False,Junior Blockchain Developer,,False,False,"{'id': '1', 'name': 'Москва', 'url': 'https://api.hh.ru/areas/1'}","{'from': 250000, 'to': None, 'currency': 'RUR', 'gross': False}","{'id': 'open', 'name': 'Открытая'}",,,,2024-04-15T13:00:21+0300,2024-04-15T13:00:21+0300,False,https://hh.ru/applicant/vacancy_response?vacancyId=95695925,,,https://api.hh.ru/vacancies/95695925?host=hh.ru,https://hh.ru/vacancy/95695925,[],"{'id': '6076281', 'name': 'SHiFT AM', 'url': 'https://api.hh.ru/employers/6076281', 'alternate_url': 'https://hh.ru/employer/6076281', 'logo_urls': {'original': 'https://img.hhcdn.ru/employer-logo-original/946532.png', '240': 'https://img.hhcdn.ru/employer-logo/4226665.png', '90': 'https://img.hhcdn.ru/employer-logo/4226664.png'}, 'vacancies_url': 'https://api.hh.ru/vacancies?employer_id=6076281', 'accredited_it_employer': False, 'trusted': True}","{'requirement': 'Cтэк: <highlighttext>python</highlighttext> / typescript / solidity / redis / PostgreSQL / mogo db / hardhat / fatsapi / asyncio / hardhat. Понимание технологических рисков DeFi, желателен опыт аудита и...', 'responsibility': 'Развивать dApp shift.tech как в ончейн части, так и на стороне backend. Участвовать в <highlighttext>разработке</highlighttext> наших финансовых продуктов: смарт-контракты...'}",,"{'id': 'fullDay', 'name': 'Полный день'}",[],[],[],False,"[{'id': '96', 'name': 'Программист, разработчик'}]",False,"{'id': 'between1And3', 'name': 'От 1 года до 3 лет'}","{'id': 'full', 'name': 'Полная занятость'}",,False,,
95090779,False,Junior Backend Developer (Python и SQL),,True,False,"{'id': '1', 'name': 'Москва', 'url': 'https://api.hh.ru/areas/1'}","{'from': 50000, 'to': 70000, 'currency': 'RUR', 'gross': False}","{'id': 'open', 'name': 'Открытая'}",,,,2024-04-13T04:43:07+0300,2024-04-13T04:43:07+0300,False,https://hh.ru/applicant/vacancy_response?vacancyId=95090779,,,https://api.hh.ru/vacancies/95090779?host=hh.ru,https://hh.ru/vacancy/95090779,[],"{'id': '5557093', 'name': 'e-Comet', 'url': 'https://api.hh.ru/employers/5557093', 'alternate_url': 'https://hh.ru/employer/5557093', 'logo_urls': {'original': 'https://img.hhcdn.ru/employer-logo-original/867358.png', '90': 'https://img.hhcdn.ru/employer-logo/3910307.png', '240': 'https://img.hhcdn.ru/employer-logo/3910308.png'}, 'vacancies_url': 'https://api.hh.ru/vacancies?employer_id=5557093', 'accredited_it_employer': False, 'trusted': True}","{'requirement': 'Высшее образование (можно неоконченное/неполное) технического ВУЗа последнего или предпоследнего курса. Логичный и структурированный подход к решению задач, способность аргументированно...', 'responsibility': 'Желание расти с проектом и учиться новым технологиям, расширять компетенции. Написание качественного кода и тестов к нему.'}",,"{'id': 'remote', 'name': 'Удаленная работа'}",[],[],[],True,"[{'id': '96', 'name': 'Программист, разработчик'}]",False,"{'id': 'between1And3', 'name': 'От 1 года до 3 лет'}","{'id': 'full', 'name': 'Полная занятость'}",,False,,
95608035,False,Junior/Junior+ computer vision,,False,False,"{'id': '1', 'name': 'Москва', 'url': 'https://api.hh.ru/areas/1'}",,"{'id': 'open', 'name': 'Открытая'}","{'city': 'Москва', 'street': 'Осенний бульвар', 'building': '23', 'lat': 55.763594, 'lng': 37.405893, 'description': None, 'raw': 'Москва, Осенний бульвар, 23', 'metro': {'station_name': 'Крылатское', 'line_name': 'Арбатско-Покровская', 'station_id': '3.65', 'line_id': '3', 'lat': 55.756842, 'lng': 37.408139}, 'metro_stations': [{'station_name': 'Крылатское', 'line_name': 'Арбатско-Покровская', 'station_id': '3.65', 'line_id': '3', 'lat': 55.756842, 'lng': 37.408139}], 'id': '15408680'}",,,2024-04-14T12:00:36+0300,2024-04-14T12:00:36+0300,False,https://hh.ru/applicant/vacancy_response?vacancyId=95608035,,,https://api.hh.ru/vacancies/95608035?host=hh.ru,https://hh.ru/vacancy/95608035,[],"{'id': '5587967', 'name': 'Нейрометрика', 'url': 'https://api.hh.ru/employers/5587967', 'alternate_url': 'https://hh.ru/employer/5587967', 'logo_urls': {'240': 'https://img.hhcdn.ru/employer-logo/3973900.jpeg', '90': 'https://img.hhcdn.ru/employer-logo/3973899.jpeg', 'original': 'https://img.hhcdn.ru/employer-logo-original/883298.jpeg'}, 'vacancies_url': 'https://api.hh.ru/vacancies?employer_id=5587967', 'accredited_it_employer': False, 'trusted': True}","{'requirement': 'Уверенное владение <highlighttext>Python</highlighttext>, опыт написания промышленного кода (понимать, как настраивается окружение и зачем это нужно). Знание методов классического машинного зрения...', 'responsibility': 'Поддержание и создание пайплайнов для сбора данных для разметки. Постановка гипотез и проведение экспериментов, доведение результатов до прототипов. '}",,"{'id': 'fullDay', 'name': 'Полный день'}",[],[],[],False,"[{'id': '96', 'name': 'Программист, разработчик'}]",False,"{'id': 'noExperience', 'name': 'Нет опыта'}","{'id': 'full', 'name': 'Полная занятость'}",,False,,
94391819,False,Стажер Python/C# developer,,True,False,"{'id': '1', 'name': 'Москва', 'url': 'https://api.hh.ru/areas/1'}","{'from': 35000, 'to': 35000, 'currency': 'RUR', 'gross': False}","{'id': 'open', 'name': 'Открытая'}","{'city': 'Москва', 'street': 'улица Правды', 'building': '26', 'lat': 55.790687657162835, 'lng': 37.58470127116276, 'description': None, 'raw': 'Москва, улица Правды, 26', 'metro': {'station_name': 'Белорусская', 'line_name': 'Замоскворецкая', 'station_id': '2.19', 'line_id': '2', 'lat': 55.777439, 'lng': 37.582107}, 'metro_stations': [{'station_name': 'Белорусская', 'line_name': 'Замоскворецкая', 'station_id': '2.19', 'line_id': '2', 'lat': 55.777439, 'lng': 37.582107}, {'station_name': 'Савёловская', 'line_name': 'Серпуховско-Тимирязевская', 'station_id': '9.128', 'line_id': '9', 'lat': 55.794054, 'lng': 37.587163}], 'id': '1494631'}",,,2024-04-12T11:42:09+0300,2024-04-12T11:42:09+0300,False,https://hh.ru/applicant/vacancy_response?vacancyId=94391819,True,,https://api.hh.ru/vacancies/94391819?host=hh.ru,https://hh.ru/vacancy/94391819,[],"{'id': '205152', 'name': 'Mindbox', 'url': 'https://api.hh.ru/employers/205152', 'alternate_url': 'https://hh.ru/employer/205152', 'logo_urls': {'240': 'https://img.hhcdn.ru/employer-logo/6259459.png', '90': 'https://img.hhcdn.ru/employer-logo/6259458.png', 'original': 'https://img.hhcdn.ru/employer-logo-original/1159752.png'}, 'vacancies_url': 'https://api.hh.ru/vacancies?employer_id=205152', 'accredited_it_employer': True, 'trusted': True}","{'requirement': 'Понимание основ SQL, ООП, принципов тестирования. Опыт web-stack <highlighttext>разработки</highlighttext> (пет-проджект/курсовая на web-стеке). Способность составлять алгоритмы и...', 'responsibility': 'Решать задачи клиентов, обеспечивая надежную работу продукта 24/7. Правильно выяснять бизнес-требования у заказчика. Высоконагруженная инфраструктура: 200 ТБ данных...'}",,"{'id': 'remote', 'name': 'Удаленная работа'}",[],[],[],False,"[{'id': '96', 'name': 'Программист, разработчик'}]",False,"{'id': 'noExperience', 'name': 'Нет опыта'}","{'id': 'probation', 'name': 'Стажировка'}",,False,,"{'type': 'MAKEUP', 'tariff': None}"
95223645,False,Data Scientist (Junior/Middle),,False,False,"{'id': '1', 'name': 'Москва', 'url': 'https://api.hh.ru/areas/1'}",,"{'id': 'open', 'name': 'Открытая'}",,,,2024-04-14T16:42:46+0300,2024-04-14T16:42:46+0300,False,https://hh.ru/applicant/vacancy_response?vacancyId=95223645,,,https://api.hh.ru/vacancies/95223645?host=hh.ru,https://hh.ru/vacancy/95223645,[],"{'id': '5569859', 'name': 'ARK', 'url': 'https://api.hh.ru/employers/5569859', 'alternate_url': 'https://hh.ru/employer/5569859', 'logo_urls': {'original': 'https://img.hhcdn.ru/employer-logo-original/1132754.jpg', '90': 'https://img.hhcdn.ru/employer-logo/6151605.png', '240': 'https://img.hhcdn.ru/employer-logo/6151606.png'}, 'vacancies_url': 'https://api.hh.ru/vacancies?employer_id=5569859', 'accredited_it_employer': True, 'trusted': True}","{'requirement': 'Английский: upper-intermediate и выше. Tools: увереннные знание <highlighttext>Python</highlighttext>; уверенные знания Excel and PowerPoint. Хорошие коммуникативные навыки, аналитичесикие способности, ориентированность...', 'responsibility': 'Анализ больших данных с помощью регрессионных моделей, A-B тестирования, решения задач кластеризации. Создание excel отчетов. Участие в подготовке презентаций...'}",,"{'id': 'fullDay', 'name': 'Полный день'}",[],[],[],False,"[{'id': '165', 'name': 'Дата-сайентист'}]",False,"{'id': 'between1And3', 'name': 'От 1 года до 3 лет'}","{'id': 'full', 'name': 'Полная занятость'}",,False,,
93165893,False,Junior Python Back-end (офис),,False,False,"{'id': '1', 'name': 'Москва', 'url': 'https://api.hh.ru/areas/1'}",,"{'id': 'open', 'name': 'Открытая'}","{'city': 'Москва', 'street': 'улица Расковой', 'building': '34с14', 'lat': 55.791486, 'lng': 37.581173, 'description': None, 'raw': 'Москва, улица Расковой, 34с14', 'metro': {'station_name': 'Савёловская', 'line_name': 'Серпуховско-Тимирязевская', 'station_id': '9.128', 'line_id': '9', 'lat': 55.794054, 'lng': 37.587163}, 'metro_stations': [{'station_name': 'Савёловская', 'line_name': 'Серпуховско-Тимирязевская', 'station_id': '9.128', 'line_id': '9', 'lat': 55.794054, 'lng': 37.587163}, {'station_name': 'Савёловская', 'line_name': 'Большая кольцевая линия', 'station_id': '97.685', 'line_id': '97', 'lat': 55.794054, 'lng': 37.587163}, {'station_name': 'Савёловская', 'line_name': 'МЦД-1', 'station_id': '131.699', 'line_id': '131', 'lat': 55.793936, 'lng': 37.587038}], 'id': '5698576'}",,,2024-04-11T17:58:35+0300,2024-04-11T17:58:35+0300,False,https://hh.ru/applicant/vacancy_response?vacancyId=93165893,True,,https://api.hh.ru/vacancies/93165893?host=hh.ru,https://hh.ru/vacancy/93165893,[],"{'id': '4787018', 'name': 'Caltat', 'url': 'https://api.hh.ru/employers/4787018', 'alternate_url': 'https://hh.ru/employer/4787018', 'logo_urls': {'original': 'https://img.hhcdn.ru/employer-logo-original/993621.png', '90': 'https://img.hhcdn.ru/employer-logo/5595284.png', '240': 'https://img.hhcdn.ru/employer-logo/5595285.png'}, 'vacancies_url': 'https://api.hh.ru/vacancies?employer_id=4787018', 'accredited_it_employer': False, 'trusted': True}","{'requirement': 'Уверенные знания <highlighttext>Python</highlighttext>. Уверенные знания SQL, опыт оптимизации sql-запросов. Навыки работы с Linux (командная строка). Опыт <highlighttext>разработки</highlighttext> API. ', 'responsibility': 'Поддержка и <highlighttext>разработка</highlighttext> программного движка для управления Android-устройствами, написанного на <highlighttext>Python</highlighttext>. Поддержка серверной инфраструктуры в рабочем состоянии. '}",,"{'id': 'fullDay', 'name': 'Полный день'}",[],[],[],False,"[{'id': '96', 'name': 'Программист, разработчик'}]",False,"{'id': 'between1And3', 'name': 'От 1 года до 3 лет'}","{'id': 'full', 'name': 'Полная занятость'}",,False,,"{'type': 'MAKEUP', 'tariff': None}"
96733872,False,Разработчик Python,,False,False,"{'id': '1', 'name': 'Москва', 'url': 'https://api.hh.ru/areas/1'}",,"{'id': 'open', 'name': 'Открытая'}","{'city': 'Москва', 'street': 'Сходненская улица', 'building': '56', 'lat': 55.850408, 'lng': 37.44409, 'description': None, 'raw': 'Москва, Сходненская улица, 56', 'metro': {'station_name': 'Сходненская', 'line_name': 'Таганско-Краснопресненская', 'station_id': '7.138', 'line_id': '7', 'lat': 55.84926, 'lng': 37.44076}, 'metro_stations': [{'station_name': 'Сходненская', 'line_name': 'Таганско-Краснопресненская', 'station_id': '7.138', 'line_id': '7', 'lat': 55.84926, 'lng': 37.44076}], 'id': '2749540'}",,,2024-04-14T16:28:56+0300,2024-04-14T16:28:56+0300,False,https://hh.ru/applicant/vacancy_response?vacancyId=96733872,,,https://api.hh.ru/vacancies/96733872?host=hh.ru,https://hh.ru/vacancy/96733872,[],"{'id': '553700', 'name': 'HARTUNG', 'url': 'https://api.hh.ru/employers/553700', 'alternate_url': 'https://hh.ru/employer/553700', 'logo_urls': {'original': 'https://img.hhcdn.ru/employer-logo-original/671821.png', '240': 'https://img.hhcdn.ru/employer-logo/3128417.png', '90': 'https://img.hhcdn.ru/employer-logo/3128416.png'}, 'vacancies_url': 'https://api.hh.ru/vacancies?employer_id=553700', 'accredited_it_employer': False, 'trusted': True}","{'requirement': 'Умение собирать <highlighttext>Python</highlighttext> библиотеки из исходного кода. Знание синтаксиса, алгоритмов, принципов, основных библиотек, типов данных языка <highlighttext>Python</highlighttext>. Умение работать с...', 'responsibility': 'Работа с системой контроля версий на базе Git. Участие в <highlighttext>разработке</highlighttext> архитектурных решений и логики работы систем. Работа в команде...'}",,"{'id': 'fullDay', 'name': 'Полный день'}",[],[],[],False,"[{'id': '96', 'name': 'Программист, разработчик'}]",False,"{'id': 'between1And3', 'name': 'От 1 года до 3 лет'}","{'id': 'full', 'name': 'Полная занятость'}",,False,,
95845470,False,Junior Quantitative Researcher,,False,False,"{'id': '1', 'name': 'Москва', 'url': 'https://api.hh.ru/areas/1'}","{'from': 150000, 'to': 250000, 'currency': 'RUR', 'gross': False}","{'id': 'open', 'name': 'Открытая'}","{'city': 'Москва', 'street': 'Серпуховско-Тимирязевская линия', 'building': 'метро Полянка', 'lat': 55.736904, 'lng': 37.618695, 'description': None, 'raw': 'Москва, Серпуховско-Тимирязевская линия, метро Полянка', 'metro': None, 'metro_stations': [], 'id': '12373018'}",,,2024-04-15T20:40:01+0300,2024-04-15T20:40:01+0300,False,https://hh.ru/applicant/vacancy_response?vacancyId=95845470,,,https://api.hh.ru/vacancies/95845470?host=hh.ru,https://hh.ru/vacancy/95845470,[],"{'id': '8893124', 'name': 'Актив Матрикс', 'url': 'https://api.hh.ru/employers/8893124', 'alternate_url': 'https://hh.ru/employer/8893124', 'logo_urls': {'240': 'https://img.hhcdn.ru/employer-logo/5484585.png', '90': 'https://img.hhcdn.ru/employer-logo/5484584.png', 'original': 'https://img.hhcdn.ru/employer-logo-original/966536.png'}, 'vacancies_url': 'https://api.hh.ru/vacancies?employer_id=8893124', 'accredited_it_employer': False, 'trusted': True}","{'requirement': 'Имеет практический опыт в анализе данных на <highlighttext>python</highlighttext> (numpy, pandas, scikit-learn etc) . Понимает принципы работы основных методов машинного обучения. ', 'responsibility': 'Www.activmatrix.com - небольшая команда квантов и <highlighttext>программистов</highlighttext> из Москвы, работающая в тесном сотрудничестве с QST Financial. компания с офисом в Лимассоле...'}",,"{'id': 'fullDay', 'name': 'Полный день'}",[],[],[],False,"[{'id': '156', 'name': 'BI-аналитик, аналитик данных'}]",False,"{'id': 'noExperience', 'name': 'Нет опыта'}","{'id': 'full', 'name': 'Полная занятость'}",,False,,
96493302,True,Junior программист/разработчик Frontend backend/Junior разработчик,,False,False,"{'id': '1', 'name': 'Москва', 'url': 'https://api.hh.ru/areas/1'}","{'from': 75000, 'to': 90000, 'currency': 'RUR', 'gross': False}","{'id': 'open', 'name': 'Открытая'}","{'city': 'Москва', 'street': 'Ленинградский проспект', 'building': '80к4А', 'lat': 55.809398, 'lng': 37.507107, 'description': None, 'raw': 'Москва, Ленинградский проспект, 80к4А', 'metro': {'station_name': 'Сокол', 'line_name': 'Замоскворецкая', 'station_id': '2.133', 'line_id': '2', 'lat': 55.805564, 'lng': 37.515245}, 'metro_stations': [{'station_name': 'Сокол', 'line_name': 'Замоскворецкая', 'station_id': '2.133', 'line_id': '2', 'lat': 55.805564, 'lng': 37.515245}], 'id': '6069447'}",,,2024-04-09T09:22:46+0300,2024-04-09T09:22:46+0300,False,https://hh.ru/applicant/vacancy_response?vacancyId=96493302,True,,https://api.hh.ru/vacancies/96493302?host=hh.ru,https://hh.ru/vacancy/96493302,[],"{'id': '2944864', 'name': 'AVPOWER', 'url': 'https://api.hh.ru/employers/2944864', 'alternate_url': 'https://hh.ru/employer/2944864', 'logo_urls': {'90': 'https://img.hhcdn.ru/employer-logo/2207791.png', '240': 'https://img.hhcdn.ru/employer-logo/2207792.png', 'original': 'https://img.hhcdn.ru/employer-logo-original/441456.png'}, 'vacancies_url': 'https://api.hh.ru/vacancies?employer_id=2944864', 'accredited_it_employer': False, 'trusted': True}","{'requirement': 'Увлечение микроэлектроникой, мы работаем с ARM, esp32 и т.д. Знание Linux, <highlighttext>Python</highlighttext>, C++. Работа в Git. ', 'responsibility': 'Разрабатываем и дорабатываем несколько приложений на Java/kotlin под android. Пишем плагины, много работаем с opensource (нужно уметь читать чужой...'}",,"{'id': 'fullDay', 'name': 'Полный день'}",[],[],[],False,"[{'id': '96', 'name': 'Программист, разработчик'}]",False,"{'id': 'between1And3', 'name': 'От 1 года до 3 лет'}","{'id': 'full', 'name': 'Полная занятость'}",,False,,
95069100,False,Junior Data Engineer,,True,False,"{'id': '1', 'name': 'Москва', 'url': 'https://api.hh.ru/areas/1'}",,"{'id': 'open', 'name': 'Открытая'}","{'city': 'Москва', 'street': 'Бутырская улица', 'building': None, 'lat': 55.800134, 'lng': 37.583778, 'description': None, 'raw': 'Москва, Бутырская улица', 'metro': {'station_name': 'Савёловская', 'line_name': 'Серпуховско-Тимирязевская', 'station_id': '9.128', 'line_id': '9', 'lat': 55.794054, 'lng': 37.587163}, 'metro_stations': [{'station_name': 'Савёловская', 'line_name': 'Серпуховско-Тимирязевская', 'station_id': '9.128', 'line_id': '9', 'lat': 55.794054, 'lng': 37.587163}, {'station_name': 'Савёловская', 'line_name': 'Большая кольцевая линия', 'station_id': '97.685', 'line_id': '97', 'lat': 55.794054, 'lng': 37.587163}, {'station_name': 'Савёловская', 'line_name': 'МЦД-1', 'station_id': '131.699', 'line_id': '131', 'lat': 55.793936, 'lng': 37.587038}], 'id': '6172512'}",,,2024-04-15T15:36:24+0300,2024-04-15T15:36:24+0300,False,https://hh.ru/applicant/vacancy_response?vacancyId=95069100,,,https://api.hh.ru/vacancies/95069100?host=hh.ru,https://hh.ru/vacancy/95069100,[],"{'id': '856498', 'name': 'Lesta Games', 'url': 'https://api.hh.ru/employers/856498', 'alternate_url': 'https://hh.ru/employer/856498', 'logo_urls': {'original': 'https://img.hhcdn.ru/employer-logo-original/1002934.png', '90': 'https://img.hhcdn.ru/employer-logo/5632516.png', '240': 'https://img.hhcdn.ru/employer-logo/5632517.png'}, 'vacancies_url': 'https://api.hh.ru/vacancies?employer_id=856498', 'accredited_it_employer': True, 'trusted': True}","{'requirement': 'Опыт работы Data Engineer или на аналогичной вакансии 1 год. Владение SQL и <highlighttext>Python</highlighttext>. Знания английского языка достаточные для чтения...', 'responsibility': '<highlighttext>Разработкой</highlighttext> и поддержкой ETL процессов. <highlighttext>Разработкой</highlighttext> и поддержкой инструментария для создания ETL процессов. Написанием инструментов автоматизации текущей деятельности.'}",,"{'id': 'fullDay', 'name': 'Полный день'}",[],[],[],False,"[{'id': '160', 'name': 'DevOps-инженер'}]",False,"{'id': 'between1And3', 'name': 'От 1 года до 3 лет'}","{'id': 'full', 'name': 'Полная занятость'}",,False,,
91325955,False,Backend-тестировщик-программист (Python),,False,False,"{'id': '1', 'name': 'Москва', 'url': 'https://api.hh.ru/areas/1'}",,"{'id': 'open', 'name': 'Открытая'}",,,,2024-04-14T17:13:02+0300,2024-04-14T17:13:02+0300,False,https://hh.ru/applicant/vacancy_response?vacancyId=91325955,,,https://api.hh.ru/vacancies/91325955?host=hh.ru,https://hh.ru/vacancy/91325955,[],"{'id': '4576177', 'name': 'Ритм', 'url': 'https://api.hh.ru/employers/4576177', 'alternate_url': 'https://hh.ru/employer/4576177', 'logo_urls': {'original': 'https://img.hhcdn.ru/employer-logo-original/895920.png', '90': 'https://img.hhcdn.ru/employer-logo/4024367.png', '240': 'https://img.hhcdn.ru/employer-logo/4024368.png'}, 'vacancies_url': 'https://api.hh.ru/vacancies?employer_id=4576177', 'accredited_it_employer': False, 'trusted': True}","{'requirement': 'Опыт работы тестировщиком от 1 года. Работали со Swagger. Знание <highlighttext>Python</highlighttext> на уровне <highlighttext>Junior</highlighttext> для написание тестов. Опыт тестирования REST...', 'responsibility': 'Написание интеграционных тестов на API методы; (Swagger). Взаимодействовать с командой <highlighttext>разработки</highlighttext>. Составление тестовой документации: тест-кейсы, тест-планы, чек-листы. '}",,"{'id': 'remote', 'name': 'Удаленная работа'}",[],[],[],False,"[{'id': '124', 'name': 'Тестировщик'}]",False,"{'id': 'between1And3', 'name': 'От 1 года до 3 лет'}","{'id': 'full', 'name': 'Полная занятость'}",,False,,
96631944,False,Python Developer (SberData),"{'id': '3529-3529-it', 'name': 'Сбер. IT'}",False,False,"{'id': '1', 'name': 'Москва', 'url': 'https://api.hh.ru/areas/1'}",,"{'id': 'open', 'name': 'Открытая'}","{'city': 'Москва', 'street': 'Новоданиловская набережная', 'building': '10', 'lat': 55.695905, 'lng': 37.625361, 'description': None, 'raw': 'Москва, Новоданиловская набережная, 10', 'metro': {'station_name': 'Тульская', 'line_name': 'Серпуховско-Тимирязевская', 'station_id': '9.142', 'line_id': '9', 'lat': 55.70961, 'lng': 37.622569}, 'metro_stations': [{'station_name': 'Тульская', 'line_name': 'Серпуховско-Тимирязевская', 'station_id': '9.142', 'line_id': '9', 'lat': 55.70961, 'lng': 37.622569}], 'id': '146841'}",,,2024-04-10T15:38:06+0300,2024-04-10T15:38:06+0300,False,https://hh.ru/applicant/vacancy_response?vacancyId=96631944,True,,https://api.hh.ru/vacancies/96631944?host=hh.ru,https://hh.ru/vacancy/96631944,[],"{'id': '3529', 'name': 'СБЕР', 'url': 'https://api.hh.ru/employers/3529', 'alternate_url': 'https://hh.ru/employer/3529', 'logo_urls': {'240': 'https://img.hhcdn.ru/employer-logo/5756157.png', '90': 'https://img.hhcdn.ru/employer-logo/5756156.png', 'original': 'https://img.hhcdn.ru/employer-logo-original/1033849.png'}, 'vacancies_url': 'https://api.hh.ru/vacancies?employer_id=3529', 'accredited_it_employer': False, 'trusted': True}","{'requirement': 'Знание синтаксиса, алгоритмов, принципов, основных библиотек, типов данных языка <highlighttext>Python</highlighttext>3.x. Умение работать с Git. Знание сетевых протоколов и...', 'responsibility': 'Поддержка и <highlighttext>разработка</highlighttext> сервисов, написанного на <highlighttext>Python</highlighttext>. Изучение и применение фреймворка FastAPI в процессе работы. Изучение и применение SQL. '}",,"{'id': 'fullDay', 'name': 'Полный день'}",[],[],[],False,"[{'id': '96', 'name': 'Программист, разработчик'}]",False,"{'id': 'between1And3', 'name': 'От 1 года до 3 лет'}","{'id': 'full', 'name': 'Полная занятость'}",,False,,"{'type': 'MAKEUP', 'tariff': None}"
95672327,False,Junior программист Python,,False,False,"{'id': '1', 'name': 'Москва', 'url': 'https://api.hh.ru/areas/1'}","{'from': 60000, 'to': None, 'currency': 'RUR', 'gross': False}","{'id': 'open', 'name': 'Открытая'}","{'city': None, 'street': None, 'building': None, 'lat': None, 'lng': None, 'description': None, 'raw': None, 'metro': {'station_name': 'Кунцевская', 'line_name': 'Арбатско-Покровская', 'station_id': '3.69', 'line_id': '3', 'lat': 55.730673, 'lng': 37.446522}, 'metro_stations': [{'station_name': 'Кунцевская', 'line_name': 'Арбатско-Покровская', 'station_id': '3.69', 'line_id': '3', 'lat': 55.730673, 'lng': 37.446522}, {'station_name': 'Кунцевская', 'line_name': 'Филевская', 'station_id': '4.471', 'line_id': '4', 'lat': 55.730815, 'lng': 37.446754}, {'station_name': 'Кунцевская', 'line_name': 'Большая кольцевая линия', 'station_id': '97.810', 'line_id': '97', 'lat': 55.730278, 'lng': 37.445833}], 'id': '15158873'}",,,2024-03-28T09:21:52+0300,2024-03-28T09:21:52+0300,False,https://hh.ru/applicant/vacancy_response?vacancyId=95672327,,,https://api.hh.ru/vacancies/95672327?host=hh.ru,https://hh.ru/vacancy/95672327,[],"{'id': '224839', 'name': 'ПерилаГлавСнаб', 'url': 'https://api.hh.ru/employers/224839', 'alternate_url': 'https://hh.ru/employer/224839', 'logo_urls': {'original': 'https://img.hhcdn.ru/employer-logo-original/1186817.png', '90': 'https://img.hhcdn.ru/employer-logo/6367690.png', '240': 'https://img.hhcdn.ru/employer-logo/6367691.png'}, 'vacancies_url': 'https://api.hh.ru/vacancies?employer_id=224839', 'accredited_it_employer': False, 'trusted': True}","{'requirement': 'Уверенное знание <highlighttext>Python</highlighttext>. Уверенное знание SQL(PSQL, MSSQL). Умение работать с FastAPI. Умение работать с Git. Знание SQLAlchemy. ', 'responsibility': 'Поддержка микросервисов. <highlighttext>Разработка</highlighttext> интеграций с внешними и внутренними сервисами. Участие в <highlighttext>разработке</highlighttext> моделей по прогнозированию.'}",,"{'id': 'fullDay', 'name': 'Полный день'}",[],[],[],False,"[{'id': '96', 'name': 'Программист, разработчик'}]",False,"{'id': 'between1And3', 'name': 'От 1 года до 3 лет'}","{'id': 'full', 'name': 'Полная занятость'}",,False,,
95604103,False,Junior Python Developer/DevOps,,False,False,"{'id': '1', 'name': 'Москва', 'url': 'https://api.hh.ru/areas/1'}",,"{'id': 'open', 'name': 'Открытая'}","{'city': 'Москва', 'street': 'Шарикоподшипниковская улица', 'building': '5', 'lat': 55.722537, 'lng': 37.668507, 'description': None, 'raw': 'Москва, Шарикоподшипниковская улица, 5', 'metro': {'station_name': 'Дубровка', 'line_name': 'Люблинско-Дмитровская', 'station_id': '10.39', 'line_id': '10', 'lat': 55.71807, 'lng': 37.676259}, 'metro_stations': [{'station_name': 'Дубровка', 'line_name': 'Люблинско-Дмитровская', 'station_id': '10.39', 'line_id': '10', 'lat': 55.71807, 'lng': 37.676259}, {'station_name': 'Пролетарская', 'line_name': 'Таганско-Краснопресненская', 'station_id': '7.62', 'line_id': '7', 'lat': 55.731546, 'lng': 37.666917}], 'id': '12385667'}",,,2024-03-27T11:17:52+0300,2024-03-27T11:17:52+0300,False,https://hh.ru/applicant/vacancy_response?vacancyId=95604103,,,https://api.hh.ru/vacancies/95604103?host=hh.ru,https://hh.ru/vacancy/95604103,[],"{'id': '2147', 'name': 'Актив', 'url': 'https://api.hh.ru/employers/2147', 'alternate_url': 'https://hh.ru/employer/2147', 'logo_urls': {'90': 'https://img.hhcdn.ru/employer-logo/3795695.jpeg', '240': 'https://img.hhcdn.ru/employer-logo/3795696.jpeg', 'original': 'https://img.hhcdn.ru/employer-logo-original/838703.jpg'}, 'vacancies_url': 'https://api.hh.ru/vacancies?employer_id=2147', 'accredited_it_employer': True, 'trusted': True}","{'requirement': 'Имеете диплом о высшем техническом образовании или студент последнего курса. Понимаете процессы <highlighttext>разработки</highlighttext> ПО. Работали с утилитами MyPy/Pylint. ', 'responsibility': 'Создание утилит и автоматизация потребностей <highlighttext>разработки</highlighttext>. Приведение инфраструктуры к состоянию Infrastructure as Code посредством Ansible. Создание модульных окружений на базе...'}",,"{'id': 'fullDay', 'name': 'Полный день'}",[],[],[],False,"[{'id': '160', 'name': 'DevOps-инженер'}]",False,"{'id': 'noExperience', 'name': 'Нет опыта'}","{'id': 'full', 'name': 'Полная занятость'}",,False,,
93826184,False,Junior Data Engineer,"{'id': '3529-3529-data', 'name': 'Сбер. Data Science'}",False,False,"{'id': '1', 'name': 'Москва', 'url': 'https://api.hh.ru/areas/1'}",,"{'id': 'open', 'name': 'Открытая'}",,,,2024-03-27T16:29:21+0300,2024-03-27T16:29:21+0300,False,https://hh.ru/applicant/vacancy_response?vacancyId=93826184,,,https://api.hh.ru/vacancies/93826184?host=hh.ru,https://hh.ru/vacancy/93826184,[],"{'id': '3529', 'name': 'СБЕР', 'url': 'https://api.hh.ru/employers/3529', 'alternate_url': 'https://hh.ru/employer/3529', 'logo_urls': {'240': 'https://img.hhcdn.ru/employer-logo/5756157.png', '90': 'https://img.hhcdn.ru/employer-logo/5756156.png', 'original': 'https://img.hhcdn.ru/employer-logo-original/1033849.png'}, 'vacancies_url': 'https://api.hh.ru/vacancies?employer_id=3529', 'accredited_it_employer': False, 'trusted': True}","{'requirement': 'Навыки: - Опыт работы с <highlighttext>Python</highlighttext>. - Базовые знания про Hadoop и Spark. - Понимание распределенной обработки данных. - Знание SQL.', 'responsibility': '<highlighttext>Разработка</highlighttext> и оптимизация программного кода на языке <highlighttext>Python</highlighttext> для обработки данных в Hadoop и Spark. - Работа с большими объемами данных...'}",,"{'id': 'fullDay', 'name': 'Полный день'}",[],[],[],False,"[{'id': '96', 'name': 'Программист, разработчик'}]",False,"{'id': 'noExperience', 'name': 'Нет опыта'}","{'id': 'full', 'name': 'Полная занятость'}",,False,,
95293273,False,"Стажер-разработчик Python, Подгруппа разработки ""Машинный перевод"", Контент и товары","{'id': 'ozonru-2180-dev', 'name': 'Ozon Информационные технологии'}",False,True,"{'id': '1', 'name': 'Москва', 'url': 'https://api.hh.ru/areas/1'}",,"{'id': 'open', 'name': 'Открытая'}","{'city': 'Москва', 'street': 'Краснопресненская набережная', 'building': '10', 'lat': 55.754775, 'lng': 37.563709, 'description': None, 'raw': 'Москва, Краснопресненская набережная, 10', 'metro': {'station_name': 'Международная', 'line_name': 'Филевская', 'station_id': '4.179', 'line_id': '4', 'lat': 55.748324, 'lng': 37.533282}, 'metro_stations': [{'station_name': 'Международная', 'line_name': 'Филевская', 'station_id': '4.179', 'line_id': '4', 'lat': 55.748324, 'lng': 37.533282}, {'station_name': 'Улица 1905 года', 'line_name': 'Таганско-Краснопресненская', 'station_id': '7.146', 'line_id': '7', 'lat': 55.763944, 'lng': 37.562271}], 'id': '5275271'}",,,2024-03-22T14:03:21+0300,2024-03-22T14:03:21+0300,False,https://hh.ru/applicant/vacancy_response?vacancyId=95293273,True,,https://api.hh.ru/vacancies/95293273?host=hh.ru,https://hh.ru/vacancy/95293273,[],"{'id': '2180', 'name': 'Ozon', 'url': 'https://api.hh.ru/employers/2180', 'alternate_url': 'https://hh.ru/employer/2180', 'logo_urls': {'original': 'https://img.hhcdn.ru/employer-logo-original/1069622.png', '240': 'https://img.hhcdn.ru/employer-logo/5899118.png', '90': 'https://img.hhcdn.ru/employer-logo/5899117.png'}, 'vacancies_url': 'https://api.hh.ru/vacancies?employer_id=2180', 'accredited_it_employer': True, 'trusted': True}","{'requirement': 'Знание питона. Опыт работы с библиотеками Beautiful Soup, Selenium, Scrapy. Английский на уровне чтения профессиональной литературы. Опыт в написании парсеров. ', 'responsibility': 'Писать парсеры сайтов для сбора данных.'}",,"{'id': 'fullDay', 'name': 'Полный день'}",[],[],[],False,"[{'id': '96', 'name': 'Программист, разработчик'}]",False,"{'id': 'between1And3', 'name': 'От 1 года до 3 лет'}","{'id': 'probation', 'name': 'Стажировка'}",,False,,"{'type': 'MAKEUP', 'tariff': None}"
95467731,False,Junior ML-Engineer,,True,False,"{'id': '1', 'name': 'Москва', 'url': 'https://api.hh.ru/areas/1'}",,"{'id': 'open', 'name': 'Открытая'}",,,,2024-03-25T17:44:43+0300,2024-03-25T17:44:43+0300,False,https://hh.ru/applicant/vacancy_response?vacancyId=95467731,,,https://api.hh.ru/vacancies/95467731?host=hh.ru,https://hh.ru/vacancy/95467731,[],"{'id': '2009', 'name': 'Antal Talent', 'url': 'https://api.hh.ru/employers/2009', 'alternate_url': 'https://hh.ru/employer/2009', 'logo_urls': {'original': 'https://img.hhcdn.ru/employer-logo-original/430509.png', '90': 'https://img.hhcdn.ru/employer-logo/2164106.png', '240': 'https://img.hhcdn.ru/employer-logo/2164107.png'}, 'vacancies_url': 'https://api.hh.ru/vacancies?employer_id=2009', 'accredited_it_employer': False, 'trusted': True}","{'requirement': 'Уверенное владение <highlighttext>Python</highlighttext>. Знание стека работы с данными (numpy, pandas, scipy, matplotlib), знание ML-стека <highlighttext>Python</highlighttext> (XGBoost, Scikit-learn, Causal...', 'responsibility': 'Анализ и статистическая обработка структурированных и неструктурированных данных на <highlighttext>Python</highlighttext>. <highlighttext>Разработка</highlighttext> моделей для решения задач с использованием методов машинного обучения...'}",,"{'id': 'fullDay', 'name': 'Полный день'}",[],[],[],False,"[{'id': '165', 'name': 'Дата-сайентист'}]",False,"{'id': 'noExperience', 'name': 'Нет опыта'}","{'id': 'full', 'name': 'Полная занятость'}",,False,,
96979827,False,Junior Python-разработчик,"{'id': '955-955-msk', 'name': 'СОГАЗ: г. Москва'}",False,False,"{'id': '1', 'name': 'Москва', 'url': 'https://api.hh.ru/areas/1'}",,"{'id': 'open', 'name': 'Открытая'}","{'city': 'Москва', 'street': 'проспект Академика Сахарова', 'building': '10', 'lat': 55.768699, 'lng': 37.641962, 'description': None, 'raw': 'Москва, проспект Академика Сахарова, 10', 'metro': {'station_name': 'Красные ворота', 'line_name': 'Сокольническая', 'station_id': '1.61', 'line_id': '1', 'lat': 55.768307, 'lng': 37.6478}, 'metro_stations': [{'station_name': 'Красные ворота', 'line_name': 'Сокольническая', 'station_id': '1.61', 'line_id': '1', 'lat': 55.768307, 'lng': 37.6478}], 'id': '148617'}",,,2024-04-15T09:43:36+0300,2024-04-15T09:43:36+0300,False,https://hh.ru/applicant/vacancy_response?vacancyId=96979827,True,,https://api.hh.ru/vacancies/96979827?host=hh.ru,https://hh.ru/vacancy/96979827,[],"{'id': '955', 'name': 'СОГАЗ', 'url': 'https://api.hh.ru/employers/955', 'alternate_url': 'https://hh.ru/employer/955', 'logo_urls': {'original': 'https://img.hhcdn.ru/employer-logo-original/1007168.png', '90': 'https://img.hhcdn.ru/employer-logo/5649448.png', '240': 'https://img.hhcdn.ru/employer-logo/5649449.png'}, 'vacancies_url': 'https://api.hh.ru/vacancies?employer_id=955', 'accredited_it_employer': False, 'trusted': True}","{'requirement': 'Уверенное знание <highlighttext>Python</highlighttext>. Уверенное знание PostgreSQL и умение писать оптимизированные запросы. Опыт работы с Git. Опыт работы с Pandas. ', 'responsibility': 'Поддерживать и развивать внутрикорпоративную HR-систему Galileo. Разрабатывать новые модули и внедрять в prod. Создавать и актуализировать техническую документацию. '}",,"{'id': 'fullDay', 'name': 'Полный день'}",[],[],[],False,"[{'id': '96', 'name': 'Программист, разработчик'}]",False,"{'id': 'noExperience', 'name': 'Нет опыта'}","{'id': 'full', 'name': 'Полная занятость'}",,False,,"{'type': 'MAKEUP', 'tariff': None}"
95149384,False,Младший специалист отдела разработки (Python) / Специалист по парсингу данных,,False,False,"{'id': '1', 'name': 'Москва', 'url': 'https://api.hh.ru/areas/1'}","{'from': None, 'to': 80000, 'currency': 'RUR', 'gross': False}","{'id': 'open', 'name': 'Открытая'}",,,,2024-04-13T18:29:16+0300,2024-04-13T18:29:16+0300,False,https://hh.ru/applicant/vacancy_response?vacancyId=95149384,,,https://api.hh.ru/vacancies/95149384?host=hh.ru,https://hh.ru/vacancy/95149384,[],"{'id': '863273', 'name': 'MillionAgents', 'url': 'https://api.hh.ru/employers/863273', 'alternate_url': 'https://hh.ru/employer/863273', 'logo_urls': {'original': 'https://img.hhcdn.ru/employer-logo-original/668636.png', '240': 'https://img.hhcdn.ru/employer-logo/3115677.png', '90': 'https://img.hhcdn.ru/employer-logo/3115676.png'}, 'vacancies_url': 'https://api.hh.ru/vacancies?employer_id=863273', 'accredited_it_employer': False, 'trusted': True}","{'requirement': 'Что обязательно нужно знать и уметь: <highlighttext>Python</highlighttext> на базовом уровне (циклы, функции, структуры данных, ООП). Что такое Header, Cookie и...', 'responsibility': None}",,"{'id': 'remote', 'name': 'Удаленная работа'}",[],[],[],False,"[{'id': '96', 'name': 'Программист, разработчик'}]",False,"{'id': 'between1And3', 'name': 'От 1 года до 3 лет'}","{'id': 'full', 'name': 'Полная занятость'}",,False,,
96701481,False,Младший backend-разработчик,,False,False,"{'id': '1', 'name': 'Москва', 'url': 'https://api.hh.ru/areas/1'}","{'from': 25000, 'to': 75000, 'currency': 'RUR', 'gross': False}","{'id': 'open', 'name': 'Открытая'}",,,,2024-04-11T11:24:12+0300,2024-04-11T11:24:12+0300,False,https://hh.ru/applicant/vacancy_response?vacancyId=96701481,,,https://api.hh.ru/vacancies/96701481?host=hh.ru,https://hh.ru/vacancy/96701481,[],"{'id': '5061718', 'name': 'Exemter', 'url': 'https://api.hh.ru/employers/5061718', 'alternate_url': 'https://hh.ru/employer/5061718', 'logo_urls': {'90': 'https://img.hhcdn.ru/employer-logo/3628267.png', '240': 'https://img.hhcdn.ru/employer-logo/3628268.png', 'original': 'https://img.hhcdn.ru/employer-logo-original/796845.png'}, 'vacancies_url': 'https://api.hh.ru/vacancies?employer_id=5061718', 'accredited_it_employer': False, 'trusted': True}","{'requirement': 'Базовые знания одного из языков программирования — <highlighttext>Python</highlighttext>, Java, C#, PHP, Ruby, Go или JavaScript. У нас есть микросервисы почти на...', 'responsibility': 'Развитие backend-составляющей существующего проекта. <highlighttext>Разработки</highlighttext> новых модулей и микросервисов системы по заданным спецификациям — описаниям API в Postman и описаниям...'}",,"{'id': 'remote', 'name': 'Удаленная работа'}",[],"[{'id': 'from_four_to_six_hours_in_a_day', 'name': 'Можно работать сменами по\xa04–6 часов в\xa0день'}]","[{'id': 'start_after_sixteen', 'name': 'Можно начинать работать после 16:00'}]",False,"[{'id': '96', 'name': 'Программист, разработчик'}]",False,"{'id': 'noExperience', 'name': 'Нет опыта'}","{'id': 'part', 'name': 'Частичная занятость'}",,False,,
96410583,False,Python разработчик (junior),,False,False,"{'id': '1', 'name': 'Москва', 'url': 'https://api.hh.ru/areas/1'}",,"{'id': 'open', 'name': 'Открытая'}",,,,2024-04-08T12:28:48+0300,2024-04-08T12:28:48+0300,False,https://hh.ru/applicant/vacancy_response?vacancyId=96410583,,,https://api.hh.ru/vacancies/96410583?host=hh.ru,https://hh.ru/vacancy/96410583,[],"{'id': '219425', 'name': 'Kokoc Group', 'url': 'https://api.hh.ru/employers/219425', 'alternate_url': 'https://hh.ru/employer/219425', 'logo_urls': {'240': 'https://img.hhcdn.ru/employer-logo/1649371.jpeg', 'original': 'https://img.hhcdn.ru/employer-logo-original/301749.jpg', '90': 'https://img.hhcdn.ru/employer-logo/1649370.jpeg'}, 'vacancies_url': 'https://api.hh.ru/vacancies?employer_id=219425', 'accredited_it_employer': True, 'trusted': True}","{'requirement': 'Опыт <highlighttext>разработки</highlighttext> на <highlighttext>Python</highlighttext> и Django от 1-го года. Базовые знания веб-<highlighttext>разработки</highlighttext>. Опыта работы с реляционными базами данных...', 'responsibility': 'Сопровождение и развитие внутренней ERP системы. <highlighttext>Разработка</highlighttext> новых функциональных модулей. Изучение стека технологий, используемого на проекте.'}",,"{'id': 'fullDay', 'name': 'Полный день'}",[],[],[],False,"[{'id': '96', 'name': 'Программист, разработчик'}]",False,"{'id': 'between1And3', 'name': 'От 1 года до 3 лет'}","{'id': 'full', 'name': 'Полная занятость'}",,False,,
96179227,False,Junior Python Разработчик,,False,False,"{'id': '1', 'name': 'Москва', 'url': 'https://api.hh.ru/areas/1'}",,"{'id': 'open', 'name': 'Открытая'}","{'city': 'Москва', 'street': 'улица Академика Королёва', 'building': '21с1', 'lat': 55.820996, 'lng': 37.601528, 'description': None, 'raw': 'Москва, улица Академика Королёва, 21с1', 'metro': {'station_name': 'Бутырская ', 'line_name': 'Люблинско-Дмитровская', 'station_id': '10.546', 'line_id': '10', 'lat': 55.813333, 'lng': 37.602778}, 'metro_stations': [{'station_name': 'Бутырская ', 'line_name': 'Люблинско-Дмитровская', 'station_id': '10.546', 'line_id': '10', 'lat': 55.813333, 'lng': 37.602778}, {'station_name': 'Фонвизинская', 'line_name': 'Люблинско-Дмитровская', 'station_id': '10.547', 'line_id': '10', 'lat': 55.822778, 'lng': 37.588056}], 'id': '6773265'}",,,2024-04-04T13:09:44+0300,2024-04-04T13:09:44+0300,False,https://hh.ru/applicant/vacancy_response?vacancyId=96179227,,,https://api.hh.ru/vacancies/96179227?host=hh.ru,https://hh.ru/vacancy/96179227,[],"{'id': '962026', 'name': 'СОЮЗМУЛЬТФИЛЬМ', 'url': 'https://api.hh.ru/employers/962026', 'alternate_url': 'https://hh.ru/employer/962026', 'logo_urls': {'240': 'https://img.hhcdn.ru/employer-logo/6570778.png', '90': 'https://img.hhcdn.ru/employer-logo/6570777.png', 'original': 'https://img.hhcdn.ru/employer-logo-original/1237586.png'}, 'vacancies_url': 'https://api.hh.ru/vacancies?employer_id=962026', 'accredited_it_employer': False, 'trusted': True}","{'requirement': 'Опыт <highlighttext>разработки</highlighttext> от 1 года. Базовое понимание работы основных производственных софтов Maya,Houdini,Nuke,Harmony и тд. Желание работать в...', 'responsibility': '<highlighttext>Разработки</highlighttext> новых и доработки имеющихся инструментов студии используемых для автоматизации производственных процессов. Первичной обработки обращений в отдел <highlighttext>разработки</highlighttext>.'}",,"{'id': 'fullDay', 'name': 'Полный день'}",[],[],[],False,"[{'id': '96', 'name': 'Программист, разработчик'}]",False,"{'id': 'between1And3', 'name': 'От 1 года до 3 лет'}","{'id': 'full', 'name': 'Полная занятость'}",,False,,
95257767,False,Разработчик BigData,,False,False,"{'id': '1', 'name': 'Москва', 'url': 'https://api.hh.ru/areas/1'}",,"{'id': 'open', 'name': 'Открытая'}","{'city': 'Москва', 'street': 'Овчинниковская набережная', 'building': '18/1с1', 'lat': 55.743857, 'lng': 37.632601, 'description': None, 'raw': 'Москва, Овчинниковская набережная, 18/1с1', 'metro': {'station_name': 'Новокузнецкая', 'line_name': 'Замоскворецкая', 'station_id': '2.89', 'line_id': '2', 'lat': 55.742391, 'lng': 37.62928}, 'metro_stations': [{'station_name': 'Новокузнецкая', 'line_name': 'Замоскворецкая', 'station_id': '2.89', 'line_id': '2', 'lat': 55.742391, 'lng': 37.62928}], 'id': '14913569'}",,,2024-04-15T09:20:45+0300,2024-04-15T09:20:45+0300,False,https://hh.ru/applicant/vacancy_response?vacancyId=95257767,True,,https://api.hh.ru/vacancies/95257767?host=hh.ru,https://hh.ru/vacancy/95257767,[],"{'id': '9450859', 'name': 'АФЛТ-Системс', 'url': 'https://api.hh.ru/employers/9450859', 'alternate_url': 'https://hh.ru/employer/9450859', 'logo_urls': {'original': 'https://img.hhcdn.ru/employer-logo-original/1215919.jpg', '240': 'https://img.hhcdn.ru/employer-logo/6484122.jpeg', '90': 'https://img.hhcdn.ru/employer-logo/6484121.jpeg'}, 'vacancies_url': 'https://api.hh.ru/vacancies?employer_id=9450859', 'accredited_it_employer': True, 'trusted': True}","{'requirement': 'Базовые навыки в Scala (в идеале) или Java. Знание английского языка на уровне чтения документации. Опыт <highlighttext>разработки</highlighttext> на <highlighttext>Python</highlighttext>. ', 'responsibility': 'Развитие и сопровождение функциональных интеграций и системного ландшафта. Участие в <highlighttext>разработке</highlighttext> микросервисной архитектуры и выборе технологий. Проведение регрессионного и интеграционного...'}",,"{'id': 'fullDay', 'name': 'Полный день'}",[],[],[],False,"[{'id': '96', 'name': 'Программист, разработчик'}]",False,"{'id': 'between1And3', 'name': 'От 1 года до 3 лет'}","{'id': 'full', 'name': 'Полная занятость'}",,False,,"{'type': 'MAKEUP', 'tariff': None}"
95789373,False,Junior/Trainee QA - инженер,,False,False,"{'id': '1', 'name': 'Москва', 'url': 'https://api.hh.ru/areas/1'}","{'from': None, 'to': 70000, 'currency': 'RUR', 'gross': False}","{'id': 'open', 'name': 'Открытая'}","{'city': 'Москва', 'street': 'улица Бутлерова', 'building': '17', 'lat': 55.650145, 'lng': 37.539626, 'description': None, 'raw': 'Москва, улица Бутлерова, 17', 'metro': {'station_name': 'Калужская', 'line_name': 'Калужско-Рижская', 'station_id': '6.41', 'line_id': '6', 'lat': 55.656682, 'lng': 37.540075}, 'metro_stations': [{'station_name': 'Калужская', 'line_name': 'Калужско-Рижская', 'station_id': '6.41', 'line_id': '6', 'lat': 55.656682, 'lng': 37.540075}], 'id': '1022882'}",,,2024-03-29T12:55:50+0300,2024-03-29T12:55:50+0300,False,https://hh.ru/applicant/vacancy_response?vacancyId=95789373,,,https://api.hh.ru/vacancies/95789373?host=hh.ru,https://hh.ru/vacancy/95789373,[],"{'id': '2588380', 'name': 'РБ', 'url': 'https://api.hh.ru/employers/2588380', 'alternate_url': 'https://hh.ru/employer/2588380', 'logo_urls': {'90': 'https://img.hhcdn.ru/employer-logo/5984073.jpeg', '240': 'https://img.hhcdn.ru/employer-logo/5984074.jpeg', 'original': 'https://img.hhcdn.ru/employer-logo-original/1090862.jpg'}, 'vacancies_url': 'https://api.hh.ru/vacancies?employer_id=2588380', 'accredited_it_employer': False, 'trusted': True}","{'requirement': 'Обязательны базовые знания на языке <highlighttext>Python</highlighttext>. Желателен опыт автоматизации сценариев тестирования на языке; программирования <highlighttext>Python</highlighttext> с использованием framework Pytest и...', 'responsibility': 'Тестирование backend. Написание документации. Погружение в автотесты на <highlighttext>python</highlighttext>.'}",,"{'id': 'flexible', 'name': 'Гибкий график'}",[],[],[],False,"[{'id': '124', 'name': 'Тестировщик'}]",False,"{'id': 'noExperience', 'name': 'Нет опыта'}","{'id': 'full', 'name': 'Полная занятость'}",,False,,
96459955,False,Аналитик (junior),,False,False,"{'id': '1', 'name': 'Москва', 'url': 'https://api.hh.ru/areas/1'}","{'from': 50000, 'to': None, 'currency': 'RUR', 'gross': False}","{'id': 'open', 'name': 'Открытая'}",,,,2024-04-14T20:45:26+0300,2024-04-14T20:45:26+0300,False,https://hh.ru/applicant/vacancy_response?vacancyId=96459955,,,https://api.hh.ru/vacancies/96459955?host=hh.ru,https://hh.ru/vacancy/96459955,[],"{'id': '5983826', 'name': 'Матчинг Гэлэкси', 'url': 'https://api.hh.ru/employers/5983826', 'alternate_url': 'https://hh.ru/employer/5983826', 'logo_urls': None, 'vacancies_url': 'https://api.hh.ru/vacancies?employer_id=5983826', 'accredited_it_employer': False, 'trusted': True}","{'requirement': 'Опыт работы с базами данных (особенно PostgreSQL) и <highlighttext>Python</highlighttext> – это плюс. Знание других языков программирования будет являться плюсом. ', 'responsibility': 'Написание ТЗ для <highlighttext>разработчиков</highlighttext> на реализацию функционала декомпозированного с учетом архитектуры системы. Непрерывное взаимодействие с <highlighttext>разработчиками</highlighttext> и тестироващиками в ходе...'}",,"{'id': 'remote', 'name': 'Удаленная работа'}",[],[],[],False,"[{'id': '10', 'name': 'Аналитик'}]",False,"{'id': 'noExperience', 'name': 'Нет опыта'}","{'id': 'full', 'name': 'Полная занятость'}",,False,,
96435695,False,Data Science,,False,False,"{'id': '1', 'name': 'Москва', 'url': 'https://api.hh.ru/areas/1'}","{'from': None, 'to': 80000, 'currency': 'RUR', 'gross': False}","{'id': 'open', 'name': 'Открытая'}","{'city': None, 'street': None, 'building': None, 'lat': 55.74146507524133, 'lng': 37.63113245701637, 'description': None, 'raw': 'Москва, Озерковский переулок, 12.', 'metro': None, 'metro_stations': [], 'id': '335836'}",,,2024-04-14T15:02:08+0300,2024-04-14T15:02:08+0300,False,https://hh.ru/applicant/vacancy_response?vacancyId=96435695,,,https://api.hh.ru/vacancies/96435695?host=hh.ru,https://hh.ru/vacancy/96435695,[],"{'id': '1056818', 'name': 'BND LLC', 'url': 'https://api.hh.ru/employers/1056818', 'alternate_url': 'https://hh.ru/employer/1056818', 'logo_urls': {'240': 'https://img.hhcdn.ru/employer-logo/5736813.jpeg', '90': 'https://img.hhcdn.ru/employer-logo/5736812.jpeg', 'original': 'https://img.hhcdn.ru/employer-logo-original/1029013.jpg'}, 'vacancies_url': 'https://api.hh.ru/vacancies?employer_id=1056818', 'accredited_it_employer': True, 'trusted': True}","{'requirement': 'Высшее образование (математическое, техническое). Возможность работать полную рабочую неделю. Знание современных архитектур нейросетей. Понимание как устроены классические алгоритмы машинного обучения...', 'responsibility': 'Собирать и готовить данные для использования в ML-моделях. Участвовать в <highlighttext>разработке</highlighttext> проектов с применением SOTA решений в области Computer...'}",,"{'id': 'fullDay', 'name': 'Полный день'}",[],[],[],False,"[{'id': '165', 'name': 'Дата-сайентист'}]",False,"{'id': 'noExperience', 'name': 'Нет опыта'}","{'id': 'full', 'name': 'Полная занятость'}",,False,,
96808990,False,Backend разработчик (Python middle+/Senior),,False,True,"{'id': '1', 'name': 'Москва', 'url': 'https://api.hh.ru/areas/1'}","{'from': 250000, 'to': None, 'currency': 'RUR', 'gross': False}","{'id': 'open', 'name': 'Открытая'}","{'city': 'Москва', 'street': '2-я Брестская улица', 'building': '46с1', 'lat': 55.774456, 'lng': 37.585035, 'description': None, 'raw': 'Москва, 2-я Брестская улица, 46с1', 'metro': None, 'metro_stations': [], 'id': '15505273'}",,,2024-04-15T12:37:19+0300,2024-04-15T12:37:19+0300,False,https://hh.ru/applicant/vacancy_response?vacancyId=96808990,,,https://api.hh.ru/vacancies/96808990?host=hh.ru,https://hh.ru/vacancy/96808990,[],"{'id': '4779778', 'name': 'Работа-Каждому', 'url': 'https://api.hh.ru/employers/4779778', 'alternate_url': 'https://hh.ru/employer/4779778', 'logo_urls': None, 'vacancies_url': 'https://api.hh.ru/vacancies?employer_id=4779778', 'accredited_it_employer': False, 'trusted': True}","{'requirement': '...Backend <highlighttext>Python</highlighttext> <highlighttext>Developer</highlighttext> уровня middle+/ Senior с опытом коммерческой <highlighttext>разработки</highlighttext> от 3х лет с перспективой Team lead <highlighttext>Developer</highlighttext>. ', 'responsibility': 'В ПЕРСПЕКТИВЕ: (Руководство <highlighttext>младшими</highlighttext> специалистами: Наем, обучение, постановка задач и т.д.). Определение требований к проекту и <highlighttext>разработка</highlighttext> графиков работы...'}",,"{'id': 'remote', 'name': 'Удаленная работа'}",[],[],[],True,"[{'id': '96', 'name': 'Программист, разработчик'}]",False,"{'id': 'between3And6', 'name': 'От 3 до 6 лет'}","{'id': 'full', 'name': 'Полная занятость'}",,False,,
95746799,False,Junior DevOps / SRE Engineer,,False,False,"{'id': '1', 'name': 'Москва', 'url': 'https://api.hh.ru/areas/1'}",,"{'id': 'open', 'name': 'Открытая'}","{'city': 'Москва', 'street': 'проспект Мира', 'building': '102с34', 'lat': 55.80004773865919, 'lng': 37.63778667857121, 'description': None, 'raw': 'Москва, проспект Мира, 102с34', 'metro': None, 'metro_stations': [], 'id': '3639554'}",,,2024-04-13T00:45:11+0300,2024-04-13T00:45:11+0300,False,https://hh.ru/applicant/vacancy_response?vacancyId=95746799,,,https://api.hh.ru/vacancies/95746799?host=hh.ru,https://hh.ru/vacancy/95746799,[],"{'id': '3596091', 'name': 'КАРТИС', 'url': 'https://api.hh.ru/employers/3596091', 'alternate_url': 'https://hh.ru/employer/3596091', 'logo_urls': {'original': 'https://img.hhcdn.ru/employer-logo-original/1198859.jpg', '90': 'https://img.hhcdn.ru/employer-logo/6415885.jpeg', '240': 'https://img.hhcdn.ru/employer-logo/6415886.jpeg'}, 'vacancies_url': 'https://api.hh.ru/vacancies?employer_id=3596091', 'accredited_it_employer': True, 'trusted': True}","{'requirement': 'Знание основ программирования на Bash и/или <highlighttext>Python</highlighttext>. Основные знания сетевых протоколов OSI и TCP/IP. Желание учиться и развиваться...', 'responsibility': 'Написание и поддержка скриптов на Bash и <highlighttext>Python</highlighttext> для автоматизации задач. Мониторинг и оптимизация производительности системы. Участие в процессе непрерывной...'}",,"{'id': 'remote', 'name': 'Удаленная работа'}",[],[],[],True,"[{'id': '160', 'name': 'DevOps-инженер'}]",False,"{'id': 'between1And3', 'name': 'От 1 года до 3 лет'}","{'id': 'full', 'name': 'Полная занятость'}",,False,,
96259456,False,Python Team Lead,,False,False,"{'id': '1', 'name': 'Москва', 'url': 'https://api.hh.ru/areas/1'}",,"{'id': 'open', 'name': 'Открытая'}",,,,2024-04-14T12:55:16+0300,2024-04-14T12:55:16+0300,False,https://hh.ru/applicant/vacancy_response?vacancyId=96259456,,,https://api.hh.ru/vacancies/96259456?host=hh.ru,https://hh.ru/vacancy/96259456,[],"{'id': '10836178', 'name': 'Asym Labs Ltd', 'url': 'https://api.hh.ru/employers/10836178', 'alternate_url': 'https://hh.ru/employer/10836178', 'logo_urls': {'original': 'https://img.hhcdn.ru/employer-logo-original/1258922.png', '90': 'https://img.hhcdn.ru/employer-logo/6656014.png', '240': 'https://img.hhcdn.ru/employer-logo/6656015.png'}, 'vacancies_url': 'https://api.hh.ru/vacancies?employer_id=10836178', 'accredited_it_employer': False, 'trusted': True}","{'requirement': 'Previous leadership experience in managing software <highlighttext>development</highlighttext> teams, with the ability to mentor <highlighttext>junior</highlighttext> <highlighttext>developers</highlighttext> and drive projects to completion. ', 'responsibility': '...of <highlighttext>junior</highlighttext> <highlighttext>Python</highlighttext> <highlighttext>developers</highlighttext>, promoting a culture of excellence and continuous learning. Directly contribute to the <highlighttext>development</highlighttext> of our <highlighttext>Python</highlighttext>...'}",,"{'id': 'fullDay', 'name': 'Полный день'}",[],[],[],False,"[{'id': '104', 'name': 'Руководитель группы разработки'}]",False,"{'id': 'moreThan6', 'name': 'Более 6 лет'}","{'id': 'full', 'name': 'Полная занятость'}",,False,,
93894173,False,Junior/Middle DevOps Engineer,,True,False,"{'id': '1', 'name': 'Москва', 'url': 'https://api.hh.ru/areas/1'}",,"{'id': 'open', 'name': 'Открытая'}",,,,2024-04-15T19:07:02+0300,2024-04-15T19:07:02+0300,False,https://hh.ru/applicant/vacancy_response?vacancyId=93894173,True,,https://api.hh.ru/vacancies/93894173?host=hh.ru,https://hh.ru/vacancy/93894173,[],"{'id': '851138', 'name': 'Студия Кефир', 'url': 'https://api.hh.ru/employers/851138', 'alternate_url': 'https://hh.ru/employer/851138', 'logo_urls': {'90': 'https://img.hhcdn.ru/employer-logo/6503549.png', '240': 'https://img.hhcdn.ru/employer-logo/6503550.png', 'original': 'https://img.hhcdn.ru/employer-logo-original/1220777.png'}, 'vacancies_url': 'https://api.hh.ru/vacancies?employer_id=851138', 'accredited_it_employer': False, 'trusted': True}","{'requirement': '...для общения с <highlighttext>разработчиками</highlighttext> в баг-трекерах/хелп-десках. Желание постоянно улучшать работу команды DevOps и <highlighttext>разработки</highlighttext>. Понимание парадигм IaC...', 'responsibility': 'Автоматизация развертывания и обновления, а также мониторинг и поддержка серверной инфраструктуры. Тесное сотрудничество с командами <highlighttext>разработки</highlighttext> и тестирования. '}",,"{'id': 'remote', 'name': 'Удаленная работа'}",[],[],[],False,"[{'id': '160', 'name': 'DevOps-инженер'}]",False,"{'id': 'between1And3', 'name': 'От 1 года до 3 лет'}","{'id': 'full', 'name': 'Полная занятость'}",,False,,"{'type': 'MAKEUP', 'tariff': None}"
95916962,False,Ведущий программист Python,,False,False,"{'id': '1', 'name': 'Москва', 'url': 'https://api.hh.ru/areas/1'}","{'from': 200000, 'to': 270000, 'currency': 'RUR', 'gross': True}","{'id': 'open', 'name': 'Открытая'}","{'city': 'Москва', 'street': 'Зелёный проспект', 'building': '20', 'lat': 55.750104, 'lng': 37.787309, 'description': None, 'raw': 'Москва, Зелёный проспект, 20', 'metro': {'station_name': 'Перово', 'line_name': 'Калининская', 'station_id': '8.107', 'line_id': '8', 'lat': 55.75098, 'lng': 37.78422}, 'metro_stations': [{'station_name': 'Перово', 'line_name': 'Калининская', 'station_id': '8.107', 'line_id': '8', 'lat': 55.75098, 'lng': 37.78422}], 'id': '1665654'}",,,2024-04-13T18:17:59+0300,2024-04-13T18:17:59+0300,False,https://hh.ru/applicant/vacancy_response?vacancyId=95916962,,,https://api.hh.ru/vacancies/95916962?host=hh.ru,https://hh.ru/vacancy/95916962,[],"{'id': '1420559', 'name': 'Веза', 'url': 'https://api.hh.ru/employers/1420559', 'alternate_url': 'https://hh.ru/employer/1420559', 'logo_urls': {'90': 'https://img.hhcdn.ru/employer-logo/6017749.jpeg', '240': 'https://img.hhcdn.ru/employer-logo/6017750.jpeg', 'original': 'https://img.hhcdn.ru/employer-logo-original/1099284.jpg'}, 'vacancies_url': 'https://api.hh.ru/vacancies?employer_id=1420559', 'accredited_it_employer': False, 'trusted': True}","{'requirement': 'Опыт работы не менее 5 лет в <highlighttext>разработке</highlighttext> на <highlighttext>Python</highlighttext>. Глубокое понимание основных принципов программирования и структур данных. ', 'responsibility': '...процессов <highlighttext>разработки</highlighttext>. Тестирование и отладка программного обеспечения. Проведение регулярных код-ревью и поддержание высоких стандартов кодирования. Руководство <highlighttext>младшими</highlighttext> <highlighttext>разработчиками</highlighttext> и...'}",,"{'id': 'fullDay', 'name': 'Полный день'}",[],[],[],True,"[{'id': '96', 'name': 'Программист, разработчик'}]",False,"{'id': 'between3And6', 'name': 'От 3 до 6 лет'}","{'id': 'full', 'name': 'Полная занятость'}",,False,,
96495389,False,Senior Data Scientist / ML разработчик,,False,False,"{'id': '1', 'name': 'Москва', 'url': 'https://api.hh.ru/areas/1'}",,"{'id': 'open', 'name': 'Открытая'}",,,,2024-04-15T09:41:11+0300,2024-04-15T09:41:11+0300,False,https://hh.ru/applicant/vacancy_response?vacancyId=96495389,True,,https://api.hh.ru/vacancies/96495389?host=hh.ru,https://hh.ru/vacancy/96495389,[],"{'id': '2782259', 'name': 'Гудфокаст', 'url': 'https://api.hh.ru/employers/2782259', 'alternate_url': 'https://hh.ru/employer/2782259', 'logo_urls': {'90': 'https://img.hhcdn.ru/employer-logo/6506237.jpeg', '240': 'https://img.hhcdn.ru/employer-logo/6506238.jpeg', 'original': 'https://img.hhcdn.ru/employer-logo-original/1221449.jpg'}, 'vacancies_url': 'https://api.hh.ru/vacancies?employer_id=2782259', 'accredited_it_employer': False, 'trusted': True}","{'requirement': 'Опыт коммерческой ML-<highlighttext>разработки</highlighttext> не менее 6-ти лет. Глубокое знание <highlighttext>Python</highlighttext>, SQL (MS SQL/ PostgreSQL). Опыт работы с High...', 'responsibility': '<highlighttext>Разработка</highlighttext> ML решений для Ритейл и FMCG на <highlighttext>Python</highlighttext>, участие в <highlighttext>разработке</highlighttext> продуктов и решений на стеке .NET Core, <highlighttext>Python</highlighttext>...'}",,"{'id': 'fullDay', 'name': 'Полный день'}",[],[],[],False,"[{'id': '165', 'name': 'Дата-сайентист'}]",False,"{'id': 'between3And6', 'name': 'От 3 до 6 лет'}","{'id': 'full', 'name': 'Полная занятость'}",,False,,"{'type': 'CONSTRUCTOR', 'tariff': 'BASIC'}"
95580748,False,"Fresh Graduate - Junior Data Analysis (based in Beijing, China)",,False,False,"{'id': '1', 'name': 'Москва', 'url': 'https://api.hh.ru/areas/1'}","{'from': 1200, 'to': 2000, 'currency': 'USD', 'gross': True}","{'id': 'open', 'name': 'Открытая'}","{'city': 'Beijing', 'street': 'Chaoyang Road', 'building': None, 'lat': 39.915078, 'lng': 116.536996, 'description': None, 'raw': 'Beijing, Chaoyang Road', 'metro': None, 'metro_stations': [], 'id': '15051258'}",,,2024-04-14T05:13:08+0300,2024-04-14T05:13:08+0300,False,https://hh.ru/applicant/vacancy_response?vacancyId=95580748,,,https://api.hh.ru/vacancies/95580748?host=hh.ru,https://hh.ru/vacancy/95580748,[],"{'id': '10733482', 'name': 'WISELINK CO.,LTD.', 'url': 'https://api.hh.ru/employers/10733482', 'alternate_url': 'https://hh.ru/employer/10733482', 'logo_urls': {'90': 'https://img.hhcdn.ru/employer-logo/6524029.png', '240': 'https://img.hhcdn.ru/employer-logo/6524030.png', 'original': 'https://img.hhcdn.ru/employer-logo-original/1225897.png'}, 'vacancies_url': 'https://api.hh.ru/vacancies?employer_id=10733482', 'accredited_it_employer': False, 'trusted': True}","{'requirement': 'Proficient in data analysis tools and programming languages such as <highlighttext>Python</highlighttext>, R, or SQL. Experience with Power BI, Tableau or...', 'responsibility': 'Participate in the end-to-end data analysis process, including data collection, cleaning, and interpretation to derive meaningful insights. <highlighttext>Develop</highlighttext>...'}",,"{'id': 'fullDay', 'name': 'Полный день'}",[],[],[],False,"[{'id': '156', 'name': 'BI-аналитик, аналитик данных'}]",False,"{'id': 'noExperience', 'name': 'Нет опыта'}","{'id': 'full', 'name': 'Полная занятость'}",,False,,
95137150,False,Младший алгоритмический трейдер,,False,False,"{'id': '1', 'name': 'Москва', 'url': 'https://api.hh.ru/areas/1'}","{'from': 70000, 'to': 100000, 'currency': 'RUR', 'gross': False}","{'id': 'open', 'name': 'Открытая'}",,,,2024-04-13T15:23:35+0300,2024-04-13T15:23:35+0300,False,https://hh.ru/applicant/vacancy_response?vacancyId=95137150,,,https://api.hh.ru/vacancies/95137150?host=hh.ru,https://hh.ru/vacancy/95137150,[],"{'id': '10161519', 'name': 'Cryptanium technologies', 'url': 'https://api.hh.ru/employers/10161519', 'alternate_url': 'https://hh.ru/employer/10161519', 'logo_urls': None, 'vacancies_url': 'https://api.hh.ru/vacancies?employer_id=10161519', 'accredited_it_employer': False, 'trusted': False}","{'requirement': '...трейдинге и <highlighttext>разработке</highlighttext> (оптимизации) торговых стратегий. Уверенное понимание различных видов торговых стратегий. Опыт торговли на криптовалютных биржах. <highlighttext>Python</highlighttext> (уверенное знание...', 'responsibility': 'Парсинг готовых торговых идей, находящихся в открытом доступе. Формирование скриптов бэктестинга (<highlighttext>python</highlighttext>, vector-bt) для найденной. Торговой логики, поиск оптимальных...'}",,"{'id': 'fullDay', 'name': 'Полный день'}",[],[],[],False,"[{'id': '40', 'name': 'Другое'}]",False,"{'id': 'between1And3', 'name': 'От 1 года до 3 лет'}","{'id': 'full', 'name': 'Полная занятость'}",,False,,
96272236,False,DevOps specialist (junior/middle),,False,False,"{'id': '1', 'name': 'Москва', 'url': 'https://api.hh.ru/areas/1'}",,"{'id': 'open', 'name': 'Открытая'}",,,,2024-04-14T15:14:52+0300,2024-04-14T15:14:52+0300,False,https://hh.ru/applicant/vacancy_response?vacancyId=96272236,,,https://api.hh.ru/vacancies/96272236?host=hh.ru,https://hh.ru/vacancy/96272236,[],"{'id': '5685485', 'name': 'Programmatica.com', 'url': 'https://api.hh.ru/employers/5685485', 'alternate_url': 'https://hh.ru/employer/5685485', 'logo_urls': {'240': 'https://img.hhcdn.ru/employer-logo/5721549.png', '90': 'https://img.hhcdn.ru/employer-logo/5721548.png', 'original': 'https://img.hhcdn.ru/employer-logo-original/1025195.png'}, 'vacancies_url': 'https://api.hh.ru/vacancies?employer_id=5685485', 'accredited_it_employer': True, 'trusted': True}","{'requirement': 'Знания Linux систем. Опыт настройки CI/CD на основе GitLab. Опыт сборки multistage в Docker. Знание Kubernetes, Helm. ', 'responsibility': 'Построение инфраструктуры и ее развитие. Настройка стендов <highlighttext>разработки</highlighttext> (автоматическое развертывание стендов). Настройка CI/CD для команды и сопровождения (установка доработок...'}",,"{'id': 'remote', 'name': 'Удаленная работа'}",[],[],[],False,"[{'id': '160', 'name': 'DevOps-инженер'}]",False,"{'id': 'between1And3', 'name': 'От 1 года до 3 лет'}","{'id': 'full', 'name': 'Полная занятость'}",,False,,
94715995,False,Junior PHP developer,,False,False,"{'id': '1', 'name': 'Москва', 'url': 'https://api.hh.ru/areas/1'}","{'from': 80000, 'to': 100000, 'currency': 'RUR', 'gross': False}","{'id': 'open', 'name': 'Открытая'}",,,,2024-04-15T18:26:10+0300,2024-04-15T18:26:10+0300,False,https://hh.ru/applicant/vacancy_response?vacancyId=94715995,,,https://api.hh.ru/vacancies/94715995?host=hh.ru,https://hh.ru/vacancy/94715995,[],"{'id': '2569558', 'name': 'ТолкФинанс', 'url': 'https://api.hh.ru/employers/2569558', 'alternate_url': 'https://hh.ru/employer/2569558', 'logo_urls': {'90': 'https://img.hhcdn.ru/employer-logo/3028340.png', '240': 'https://img.hhcdn.ru/employer-logo/3028341.png', 'original': 'https://img.hhcdn.ru/employer-logo-original/646798.png'}, 'vacancies_url': 'https://api.hh.ru/vacancies?employer_id=2569558', 'accredited_it_employer': True, 'trusted': True}","{'requirement': 'Опыт работы с PostgreSQL или MySQL. Опыт работы с Git. Знание <highlighttext>Python</highlighttext>. Опыт работы с фреймворками: Yii2, Laravel, Symfony. ', 'responsibility': 'Участие в <highlighttext>разработке</highlighttext> высоконагруженной микросервисной системы. Участие в создании чат-ботов на low-code платформе. Участие в проектировании кода. <highlighttext>Разработка</highlighttext>...'}",,"{'id': 'fullDay', 'name': 'Полный день'}",[],[],[],False,"[{'id': '96', 'name': 'Программист, разработчик'}]",False,"{'id': 'between1And3', 'name': 'От 1 года до 3 лет'}","{'id': 'full', 'name': 'Полная занятость'}",,False,,
93777354,False,Junior DevOps-инженер,,False,False,"{'id': '1', 'name': 'Москва', 'url': 'https://api.hh.ru/areas/1'}","{'from': 130500, 'to': None, 'currency': 'RUR', 'gross': False}","{'id': 'open', 'name': 'Открытая'}","{'city': 'Москва', 'street': 'Волоколамское шоссе', 'building': '2', 'lat': 55.80817688579028, 'lng': 37.50584989947487, 'description': None, 'raw': 'Москва, Волоколамское шоссе, 2', 'metro': {'station_name': 'Сокол', 'line_name': 'Замоскворецкая', 'station_id': '2.133', 'line_id': '2', 'lat': 55.805564, 'lng': 37.515245}, 'metro_stations': [{'station_name': 'Сокол', 'line_name': 'Замоскворецкая', 'station_id': '2.133', 'line_id': '2', 'lat': 55.805564, 'lng': 37.515245}], 'id': '839394'}",,,2024-04-14T10:47:52+0300,2024-04-14T10:47:52+0300,False,https://hh.ru/applicant/vacancy_response?vacancyId=93777354,,,https://api.hh.ru/vacancies/93777354?host=hh.ru,https://hh.ru/vacancy/93777354,[],"{'id': '72828', 'name': 'Equip Group', 'url': 'https://api.hh.ru/employers/72828', 'alternate_url': 'https://hh.ru/employer/72828', 'logo_urls': {'90': 'https://img.hhcdn.ru/employer-logo/1257529.png', '240': 'https://img.hhcdn.ru/employer-logo/1257530.png', 'original': 'https://img.hhcdn.ru/employer-logo-original/118785.png'}, 'vacancies_url': 'https://api.hh.ru/vacancies?employer_id=72828', 'accredited_it_employer': False, 'trusted': True}","{'requirement': 'Навыки программирования на скриптовых языках (Bash / Shell / <highlighttext>Python</highlighttext> – хотя бы один из). - Навыки IaC (Terraform, Ansible). - Навыки работы с Jenkins...', 'responsibility': 'Дополнительные инструкции. - Помощь <highlighttext>разработчикам</highlighttext> в запуске dev сред (Ubuntu). - Настройка / администрирование / мониторинг / диагностика серверов под управлением Linux (Ubuntu). - '}",,"{'id': 'fullDay', 'name': 'Полный день'}",[],[],[],False,"[{'id': '160', 'name': 'DevOps-инженер'}]",False,"{'id': 'between1And3', 'name': 'От 1 года до 3 лет'}","{'id': 'full', 'name': 'Полная занятость'}",,False,,
97045736,False,Младший SRE OpenStack SDN,"{'id': '4649269-4649269-servion', 'name': 'ГК Иннотех | Сервионика'}",False,True,"{'id': '1', 'name': 'Москва', 'url': 'https://api.hh.ru/areas/1'}",,"{'id': 'open', 'name': 'Открытая'}",,,,2024-04-15T19:05:40+0300,2024-04-15T19:05:40+0300,False,https://hh.ru/applicant/vacancy_response?vacancyId=97045736,True,,https://api.hh.ru/vacancies/97045736?host=hh.ru,https://hh.ru/vacancy/97045736,[],"{'id': '4649269', 'name': 'Т1', 'url': 'https://api.hh.ru/employers/4649269', 'alternate_url': 'https://hh.ru/employer/4649269', 'logo_urls': {'240': 'https://img.hhcdn.ru/employer-logo/6590382.png', '90': 'https://img.hhcdn.ru/employer-logo/6590381.png', 'original': 'https://img.hhcdn.ru/employer-logo-original/1242487.png'}, 'vacancies_url': 'https://api.hh.ru/vacancies?employer_id=4649269', 'accredited_it_employer': False, 'trusted': True}","{'requirement': 'Опыт работы с ОС Linux или написания приложений для неё. Навыки в использовании bash/<highlighttext>python</highlighttext>/git и сетевых инструментов также...', 'responsibility': '<highlighttext>Разработка</highlighttext> новых модулей ПО для построения SDN на основе OpenSDN включая следующие компоненты: Control Plane, Data Plane, Agent и др.. '}",,"{'id': 'fullDay', 'name': 'Полный день'}",[],[],[],False,"[{'id': '160', 'name': 'DevOps-инженер'}]",False,"{'id': 'between1And3', 'name': 'От 1 года до 3 лет'}","{'id': 'full', 'name': 'Полная занятость'}",,False,,"{'type': 'MAKEUP', 'tariff': None}"
95219087,False,Младший аналитик (IT),,False,False,"{'id': '1', 'name': 'Москва', 'url': 'https://api.hh.ru/areas/1'}","{'from': 100000, 'to': 140000, 'currency': 'RUR', 'gross': False}","{'id': 'open', 'name': 'Открытая'}",,,,2024-04-14T16:03:44+0300,2024-04-14T16:03:44+0300,False,https://hh.ru/applicant/vacancy_response?vacancyId=95219087,,,https://api.hh.ru/vacancies/95219087?host=hh.ru,https://hh.ru/vacancy/95219087,[],"{'id': '5686111', 'name': 'Olima', 'url': 'https://api.hh.ru/employers/5686111', 'alternate_url': 'https://hh.ru/employer/5686111', 'logo_urls': {'90': 'https://img.hhcdn.ru/employer-logo/5626876.png', '240': 'https://img.hhcdn.ru/employer-logo/5626877.png', 'original': 'https://img.hhcdn.ru/employer-logo-original/1001524.png'}, 'vacancies_url': 'https://api.hh.ru/vacancies?employer_id=5686111', 'accredited_it_employer': False, 'trusted': True}","{'requirement': 'Опыт работы в данной сфере необязателен. Перед трудоустройством проводится подготовка. Приветствуются базовые знания SQL, Java, <highlighttext>Python</highlighttext>, C#, JavaScript, PHP.', 'responsibility': 'Составление схем бизнес-процессов. Составление технических заданий (ТЗ). Постановка задач <highlighttext>разработчикам</highlighttext>. Контроль сроков выполнения задач. Расстановка приоритетов по задачам. '}",,"{'id': 'fullDay', 'name': 'Полный день'}",[],[],[],False,"[{'id': '10', 'name': 'Аналитик'}]",False,"{'id': 'noExperience', 'name': 'Нет опыта'}","{'id': 'probation', 'name': 'Стажировка'}",,False,,
96284384,False,Специалист сопровождения приложений / IT Engineer / IT Front Office Support Sp / DevOps,,False,False,"{'id': '1', 'name': 'Москва', 'url': 'https://api.hh.ru/areas/1'}",,"{'id': 'open', 'name': 'Открытая'}","{'city': 'Москва', 'street': 'Пресненская набережная', 'building': '10блокС', 'lat': 55.747074, 'lng': 37.536589, 'description': None, 'raw': 'Москва, Пресненская набережная, 10блокС', 'metro': {'station_name': 'Деловой центр', 'line_name': 'МЦК', 'station_id': '95.537', 'line_id': '95', 'lat': 55.747222, 'lng': 37.532222}, 'metro_stations': [{'station_name': 'Деловой центр', 'line_name': 'МЦК', 'station_id': '95.537', 'line_id': '95', 'lat': 55.747222, 'lng': 37.532222}, {'station_name': 'Международная', 'line_name': 'Филевская', 'station_id': '4.179', 'line_id': '4', 'lat': 55.748324, 'lng': 37.533282}], 'id': '5330453'}",,,2024-04-14T17:55:12+0300,2024-04-14T17:55:12+0300,False,https://hh.ru/applicant/vacancy_response?vacancyId=96284384,,,https://api.hh.ru/vacancies/96284384?host=hh.ru,https://hh.ru/vacancy/96284384,[],"{'id': '2102', 'name': 'Ренессанс Капитал', 'url': 'https://api.hh.ru/employers/2102', 'alternate_url': 'https://hh.ru/employer/2102', 'logo_urls': {'90': 'https://img.hhcdn.ru/employer-logo/6495069.jpeg', '240': 'https://img.hhcdn.ru/employer-logo/6495070.jpeg', 'original': 'https://img.hhcdn.ru/employer-logo-original/1218657.jpg'}, 'vacancies_url': 'https://api.hh.ru/vacancies?employer_id=2102', 'accredited_it_employer': False, 'trusted': True}","{'requirement': 'Опыт работы с Linux. Были хорошие знания скриптовых языков - <highlighttext>Python</highlighttext> / Bash + <highlighttext>Python</highlighttext>. Опыт работы в схожей роли не менее...', 'responsibility': 'На регулярной основе взаимодействовать с <highlighttext>разработчиками</highlighttext>, аналитиками и смежными IT подразделениями по вопросам сопровождения систем. Выполнять утренние/вечерние проверки работоспособности...'}",,"{'id': 'fullDay', 'name': 'Полный день'}",[],[],[],False,"[{'id': '160', 'name': 'DevOps-инженер'}]",False,"{'id': 'between1And3', 'name': 'От 1 года до 3 лет'}","{'id': 'full', 'name': 'Полная занятость'}",,False,,
94988021,False,Младший аналитик в команду поисковых систем сервиса путешествий,,True,False,"{'id': '1', 'name': 'Москва', 'url': 'https://api.hh.ru/areas/1'}",,"{'id': 'open', 'name': 'Открытая'}","{'city': 'Москва', 'street': '1-й Нагатинский проезд', 'building': '10', 'lat': 55.678458, 'lng': 37.632287, 'description': None, 'raw': 'Москва, 1-й Нагатинский проезд, 10', 'metro': {'station_name': 'Нагатинская', 'line_name': 'Серпуховско-Тимирязевская', 'station_id': '9.85', 'line_id': '9', 'lat': 55.682099, 'lng': 37.620917}, 'metro_stations': [{'station_name': 'Нагатинская', 'line_name': 'Серпуховско-Тимирязевская', 'station_id': '9.85', 'line_id': '9', 'lat': 55.682099, 'lng': 37.620917}], 'id': '3068354'}",,,2024-04-14T17:23:18+0300,2024-04-14T17:23:18+0300,False,https://hh.ru/applicant/vacancy_response?vacancyId=94988021,,,https://api.hh.ru/vacancies/94988021?host=hh.ru,https://hh.ru/vacancy/94988021,[],"{'id': '5325', 'name': 'Туту.ру', 'url': 'https://api.hh.ru/employers/5325', 'alternate_url': 'https://hh.ru/employer/5325', 'logo_urls': {'240': 'https://img.hhcdn.ru/employer-logo/6048634.png', '90': 'https://img.hhcdn.ru/employer-logo/6048633.png', 'original': 'https://img.hhcdn.ru/employer-logo-original/1107007.png'}, 'vacancies_url': 'https://api.hh.ru/vacancies?employer_id=5325', 'accredited_it_employer': False, 'trusted': True}","{'requirement': 'Умение уверенно программировать хотя бы на 1 языке (предпочтительнее <highlighttext>python</highlighttext>, рассмотрим также PHP и т.д.), знание MySQL. — ', 'responsibility': 'Одной из ваших основных задач будет прогноз и моделирование спроса на travel-рынке. Также вам предстоят задачи по глубокой дифференциации...'}",,"{'id': 'fullDay', 'name': 'Полный день'}",[],[],[],False,"[{'id': '10', 'name': 'Аналитик'}]",False,"{'id': 'noExperience', 'name': 'Нет опыта'}","{'id': 'full', 'name': 'Полная занятость'}",,False,,
96596810,False,Продуктовый аналитик (Junior),,False,False,"{'id': '1', 'name': 'Москва', 'url': 'https://api.hh.ru/areas/1'}","{'from': 60000, 'to': None, 'currency': 'RUR', 'gross': False}","{'id': 'open', 'name': 'Открытая'}","{'city': 'Москва', 'street': 'Днепропетровская улица', 'building': '2', 'lat': 55.623117, 'lng': 37.60399, 'description': None, 'raw': 'Москва, Днепропетровская улица, 2', 'metro': {'station_name': 'Южная', 'line_name': 'Серпуховско-Тимирязевская', 'station_id': '9.163', 'line_id': '9', 'lat': 55.622436, 'lng': 37.609047}, 'metro_stations': [{'station_name': 'Южная', 'line_name': 'Серпуховско-Тимирязевская', 'station_id': '9.163', 'line_id': '9', 'lat': 55.622436, 'lng': 37.609047}], 'id': '13298140'}",,,2024-04-13T10:20:40+0300,2024-04-13T10:20:40+0300,False,https://hh.ru/applicant/vacancy_response?vacancyId=96596810,,,https://api.hh.ru/vacancies/96596810?host=hh.ru,https://hh.ru/vacancy/96596810,[],"{'id': '9734048', 'name': 'Планетра', 'url': 'https://api.hh.ru/employers/9734048', 'alternate_url': 'https://hh.ru/employer/9734048', 'logo_urls': {'90': 'https://img.hhcdn.ru/employer-logo/6327174.png', 'original': 'https://img.hhcdn.ru/employer-logo-original/1176687.png', '240': 'https://img.hhcdn.ru/employer-logo/6327175.png'}, 'vacancies_url': 'https://api.hh.ru/vacancies?employer_id=9734048', 'accredited_it_employer': False, 'trusted': True}","{'requirement': 'Коммуникативные навыки для эффективного взаимодействия с технологами и командой <highlighttext>разработки</highlighttext> «на одном языке». Как бонус - знание языка программирования <highlighttext>Python</highlighttext>.', 'responsibility': 'Собирать бизнес требования и ожидания от продукта, работать с проектной группой и командой <highlighttext>разработчиков</highlighttext>, доносить требования до команды <highlighttext>разработки</highlighttext>. '}",,"{'id': 'fullDay', 'name': 'Полный день'}",[],[],[],False,"[{'id': '164', 'name': 'Продуктовый аналитик'}]",False,"{'id': 'between1And3', 'name': 'От 1 года до 3 лет'}","{'id': 'full', 'name': 'Полная занятость'}",,False,,
95633405,False,Мануальный QA Инженер,,False,True,"{'id': '1', 'name': 'Москва', 'url': 'https://api.hh.ru/areas/1'}",,"{'id': 'open', 'name': 'Открытая'}",,,,2024-04-14T15:26:00+0300,2024-04-14T15:26:00+0300,False,https://hh.ru/applicant/vacancy_response?vacancyId=95633405,,,https://api.hh.ru/vacancies/95633405?host=hh.ru,https://hh.ru/vacancy/95633405,[],"{'id': '4576177', 'name': 'Ритм', 'url': 'https://api.hh.ru/employers/4576177', 'alternate_url': 'https://hh.ru/employer/4576177', 'logo_urls': {'original': 'https://img.hhcdn.ru/employer-logo-original/895920.png', '90': 'https://img.hhcdn.ru/employer-logo/4024367.png', '240': 'https://img.hhcdn.ru/employer-logo/4024368.png'}, 'vacancies_url': 'https://api.hh.ru/vacancies?employer_id=4576177', 'accredited_it_employer': False, 'trusted': True}","{'requirement': 'Понимание архитектуры веб-приложений и опыт локализации дефектов. Знание <highlighttext>python</highlighttext> не менее <highlighttext>Junior</highlighttext>, ООП. Понимание REST API. Опыт работы с...', 'responsibility': 'Обеспечиваются все пожелания, связанные с обустройством эффективного рабочего процесса исследований и <highlighttext>разработки</highlighttext>.'}",,"{'id': 'remote', 'name': 'Удаленная работа'}",[],[],[],False,"[{'id': '124', 'name': 'Тестировщик'}]",False,"{'id': 'between1And3', 'name': 'От 1 года до 3 лет'}","{'id': 'full', 'name': 'Полная занятость'}",,False,,
96610590,False,Тестировщик Junior,"{'id': '3414-3414-trans', 'name': 'ТрансМашХолдинг '}",False,False,"{'id': '1', 'name': 'Москва', 'url': 'https://api.hh.ru/areas/1'}",,"{'id': 'open', 'name': 'Открытая'}","{'city': 'Москва', 'street': '3-я Рыбинская улица', 'building': '18с22', 'lat': 55.789628, 'lng': 37.659326, 'description': None, 'raw': 'Москва, 3-я Рыбинская улица, 18с22', 'metro': None, 'metro_stations': [], 'id': '15423220'}",,,2024-04-13T12:18:20+0300,2024-04-13T12:18:20+0300,False,https://hh.ru/applicant/vacancy_response?vacancyId=96610590,,,https://api.hh.ru/vacancies/96610590?host=hh.ru,https://hh.ru/vacancy/96610590,[],"{'id': '3414', 'name': 'ТрансМашХолдинг, Группа компаний', 'url': 'https://api.hh.ru/employers/3414', 'alternate_url': 'https://hh.ru/employer/3414', 'logo_urls': {'original': 'https://img.hhcdn.ru/employer-logo-original/671357.png', '240': 'https://img.hhcdn.ru/employer-logo/3126561.png', '90': 'https://img.hhcdn.ru/employer-logo/3126560.png'}, 'vacancies_url': 'https://api.hh.ru/vacancies?employer_id=3414', 'accredited_it_employer': False, 'trusted': True}","{'requirement': 'Оконченное высшее или среднее профессиональное образование (техническое или ИТ). Знание основ тестирования. Системное мышление и системный подход к обработке информации. ', 'responsibility': 'Составление и корректировка спецификации требований, при общении с <highlighttext>разработчиками</highlighttext> и системными аналитиками. Тестирование алгоритмов компьютерного зрения (детекция, классификация, сегментация). '}",,"{'id': 'fullDay', 'name': 'Полный день'}",[],[],[],False,"[{'id': '124', 'name': 'Тестировщик'}]",False,"{'id': 'noExperience', 'name': 'Нет опыта'}","{'id': 'full', 'name': 'Полная занятость'}",,False,,
96011362,False,Специалист технической поддержки (python),,False,False,"{'id': '1', 'name': 'Москва', 'url': 'https://api.hh.ru/areas/1'}","{'from': 100000, 'to': 100000, 'currency': 'RUR', 'gross': False}","{'id': 'open', 'name': 'Открытая'}","{'city': 'Москва', 'street': 'Поклонная улица', 'building': '3', 'lat': 55.736179, 'lng': 37.533194, 'description': None, 'raw': 'Москва, Поклонная улица, 3', 'metro': {'station_name': 'Кутузовская', 'line_name': 'Филевская', 'station_id': '4.73', 'line_id': '4', 'lat': 55.740544, 'lng': 37.5341}, 'metro_stations': [{'station_name': 'Кутузовская', 'line_name': 'Филевская', 'station_id': '4.73', 'line_id': '4', 'lat': 55.740544, 'lng': 37.5341}, {'station_name': 'Кутузовская', 'line_name': 'МЦК', 'station_id': '95.536', 'line_id': '95', 'lat': 55.740833, 'lng': 37.533333}, {'station_name': 'Парк Победы', 'line_name': 'Арбатско-Покровская', 'station_id': '3.173', 'line_id': '3', 'lat': 55.735679, 'lng': 37.516865}], 'id': '7328224'}",,,2024-04-14T16:47:24+0300,2024-04-14T16:47:24+0300,False,https://hh.ru/applicant/vacancy_response?vacancyId=96011362,,,https://api.hh.ru/vacancies/96011362?host=hh.ru,https://hh.ru/vacancy/96011362,[],"{'id': '5188110', 'name': 'SPTLab', 'url': 'https://api.hh.ru/employers/5188110', 'alternate_url': 'https://hh.ru/employer/5188110', 'logo_urls': {'90': 'https://img.hhcdn.ru/employer-logo/3739887.png', '240': 'https://img.hhcdn.ru/employer-logo/3739888.png', 'original': 'https://img.hhcdn.ru/employer-logo-original/824750.png'}, 'vacancies_url': 'https://api.hh.ru/vacancies?employer_id=5188110', 'accredited_it_employer': False, 'trusted': True}","{'requirement': 'Знание ОС Linux (на уровне уверенного пользователя). Знание <highlighttext>python</highlighttext> на уровне <highlighttext>junior</highlighttext>. Способность и желание быстро изучать новые языки программирования. ', 'responsibility': 'Участие в командных созвонах и взаимодействие со смежными подразделениями (<highlighttext>Development</highlighttext>, QA, DevOps, DBA, Customer Support и т.п.). '}",,"{'id': 'fullDay', 'name': 'Полный день'}",[],[],[],False,"[{'id': '121', 'name': 'Специалист технической поддержки'}]",False,"{'id': 'between1And3', 'name': 'От 1 года до 3 лет'}","{'id': 'full', 'name': 'Полная занятость'}",,False,,
94995579,False,Младший/Junior системный администратор,,False,False,"{'id': '1', 'name': 'Москва', 'url': 'https://api.hh.ru/areas/1'}","{'from': 80000, 'to': 100000, 'currency': 'RUR', 'gross': False}","{'id': 'open', 'name': 'Открытая'}","{'city': 'Москва', 'street': 'Варшавское шоссе', 'building': '33', 'lat': 55.692389, 'lng': 37.622729, 'description': None, 'raw': 'Москва, Варшавское шоссе, 33', 'metro': {'station_name': 'Нагатинская', 'line_name': 'Серпуховско-Тимирязевская', 'station_id': '9.85', 'line_id': '9', 'lat': 55.682099, 'lng': 37.620917}, 'metro_stations': [{'station_name': 'Нагатинская', 'line_name': 'Серпуховско-Тимирязевская', 'station_id': '9.85', 'line_id': '9', 'lat': 55.682099, 'lng': 37.620917}], 'id': '427553'}",,,2024-04-14T19:35:30+0300,2024-04-14T19:35:30+0300,False,https://hh.ru/applicant/vacancy_response?vacancyId=94995579,,,https://api.hh.ru/vacancies/94995579?host=hh.ru,https://hh.ru/vacancy/94995579,[],"{'id': '1646482', 'name': 'Антиплагиат', 'url': 'https://api.hh.ru/employers/1646482', 'alternate_url': 'https://hh.ru/employer/1646482', 'logo_urls': {'90': 'https://img.hhcdn.ru/employer-logo/2610197.png', '240': 'https://img.hhcdn.ru/employer-logo/2610198.png', 'original': 'https://img.hhcdn.ru/employer-logo-original/542181.png'}, 'vacancies_url': 'https://api.hh.ru/vacancies?employer_id=1646482', 'accredited_it_employer': False, 'trusted': True}","{'requirement': 'Скриптовые языки (желательно <highlighttext>Python</highlighttext>). Опыт администрирования инфраструктуры компании 50-100 человек (плюсом будет работа в компании-<highlighttext>разработчике</highlighttext> ПО). ', 'responsibility': 'Рабочие станции сотрудников (около 20 физических рабочих станций Windows или Ubuntu, + около 100 виртуальных пользовательских машин). Собственное серверное оборудование...'}",,"{'id': 'fullDay', 'name': 'Полный день'}",[],[],[],False,"[{'id': '113', 'name': 'Системный администратор'}]",False,"{'id': 'between1And3', 'name': 'От 1 года до 3 лет'}","{'id': 'full', 'name': 'Полная занятость'}",,False,,
88642335,False,System Administrator Linux Junior / Младший Системный Администратор Линукс,,False,False,"{'id': '1', 'name': 'Москва', 'url': 'https://api.hh.ru/areas/1'}","{'from': 80000, 'to': 130000, 'currency': 'RUR', 'gross': False}","{'id': 'open', 'name': 'Открытая'}","{'city': None, 'street': None, 'building': None, 'lat': None, 'lng': None, 'description': None, 'raw': None, 'metro': {'station_name': 'Автозаводская', 'line_name': 'Замоскворецкая', 'station_id': '2.2', 'line_id': '2', 'lat': 55.706634, 'lng': 37.657008}, 'metro_stations': [{'station_name': 'Автозаводская', 'line_name': 'Замоскворецкая', 'station_id': '2.2', 'line_id': '2', 'lat': 55.706634, 'lng': 37.657008}], 'id': '654267'}",,,2024-04-13T14:48:42+0300,2024-04-13T14:48:42+0300,False,https://hh.ru/applicant/vacancy_response?vacancyId=88642335,,,https://api.hh.ru/vacancies/88642335?host=hh.ru,https://hh.ru/vacancy/88642335,[],"{'id': '2283457', 'name': 'НТ Прогресс', 'url': 'https://api.hh.ru/employers/2283457', 'alternate_url': 'https://hh.ru/employer/2283457', 'logo_urls': {'240': 'https://img.hhcdn.ru/employer-logo/6067570.png', '90': 'https://img.hhcdn.ru/employer-logo/6067569.png', 'original': 'https://img.hhcdn.ru/employer-logo-original/1111742.png'}, 'vacancies_url': 'https://api.hh.ru/vacancies?employer_id=2283457', 'accredited_it_employer': True, 'trusted': True}","{'requirement': 'Понимает принципы работы TLS. Имеет опыт <highlighttext>разработки</highlighttext> скриптов на Bash и/или <highlighttext>Python</highlighttext>. Уметь настраивать и оптимизировать: PostgreSQL, nginx. ', 'responsibility': 'Отказоустойчивая сетевая инфраструктура на базе FortiGate и Mellanox. Собственные серверы в Москве и Лондоне под управлением Arch Linux; аренда серверов...'}",,"{'id': 'fullDay', 'name': 'Полный день'}",[],[],[],False,"[{'id': '113', 'name': 'Системный администратор'}]",False,"{'id': 'noExperience', 'name': 'Нет опыта'}","{'id': 'full', 'name': 'Полная занятость'}",,False,,
93275565,False,Младший системный аналитик продукта Naumen SAM,,False,False,"{'id': '1', 'name': 'Москва', 'url': 'https://api.hh.ru/areas/1'}",,"{'id': 'open', 'name': 'Открытая'}","{'city': 'Москва', 'street': 'Воронцовская улица', 'building': '35Бк3', 'lat': 55.734501, 'lng': 37.66424, 'description': None, 'raw': 'Москва, Воронцовская улица, 35Бк3', 'metro': {'station_name': 'Крестьянская застава', 'line_name': 'Люблинско-Дмитровская', 'station_id': '10.63', 'line_id': '10', 'lat': 55.732278, 'lng': 37.665325}, 'metro_stations': [{'station_name': 'Крестьянская застава', 'line_name': 'Люблинско-Дмитровская', 'station_id': '10.63', 'line_id': '10', 'lat': 55.732278, 'lng': 37.665325}, {'station_name': 'Марксистская', 'line_name': 'Калининская', 'station_id': '8.78', 'line_id': '8', 'lat': 55.740746, 'lng': 37.65604}, {'station_name': 'Пролетарская', 'line_name': 'Таганско-Краснопресненская', 'station_id': '7.62', 'line_id': '7', 'lat': 55.731546, 'lng': 37.666917}], 'id': '838253'}",,,2024-04-14T09:48:21+0300,2024-04-14T09:48:21+0300,False,https://hh.ru/applicant/vacancy_response?vacancyId=93275565,True,,https://api.hh.ru/vacancies/93275565?host=hh.ru,https://hh.ru/vacancy/93275565,[],"{'id': '42600', 'name': 'NAUMEN', 'url': 'https://api.hh.ru/employers/42600', 'alternate_url': 'https://hh.ru/employer/42600', 'logo_urls': {'original': 'https://img.hhcdn.ru/employer-logo-original/1000691.png', '90': 'https://img.hhcdn.ru/employer-logo/5623544.png', '240': 'https://img.hhcdn.ru/employer-logo/5623545.png'}, 'vacancies_url': 'https://api.hh.ru/vacancies?employer_id=42600', 'accredited_it_employer': True, 'trusted': True}","{'requirement': '...JavaScript, <highlighttext>Python</highlighttext>). Знание основ SQL, HTML, CSS. Знание какой-либо нотации описания бизнес-процессов: BPMN, EPC, IDEF0. Опыт <highlighttext>разработки</highlighttext>...', 'responsibility': 'Над чем предстоит работать: Участвовать в проектах внедрения SAM-решения: Собирать и анализировать информацию, проводить интервьюирование сотрудников заказчика. '}",,"{'id': 'fullDay', 'name': 'Полный день'}",[],[],[],False,"[{'id': '10', 'name': 'Аналитик'}]",False,"{'id': 'between1And3', 'name': 'От 1 года до 3 лет'}","{'id': 'full', 'name': 'Полная занятость'}",,False,,"{'type': 'MAKEUP', 'tariff': None}"
93485092,False,Web-аналитик / младший Web-аналитик,,False,False,"{'id': '1', 'name': 'Москва', 'url': 'https://api.hh.ru/areas/1'}",,"{'id': 'open', 'name': 'Открытая'}","{'city': 'Москва', 'street': 'Дербеневская улица', 'building': '15Б', 'lat': 55.720312, 'lng': 37.648726, 'description': None, 'raw': 'Москва, Дербеневская улица, 15Б', 'metro': {'station_name': 'Павелецкая', 'line_name': 'Замоскворецкая', 'station_id': '2.101', 'line_id': '2', 'lat': 55.729741, 'lng': 37.638693}, 'metro_stations': [{'station_name': 'Павелецкая', 'line_name': 'Замоскворецкая', 'station_id': '2.101', 'line_id': '2', 'lat': 55.729741, 'lng': 37.638693}, {'station_name': 'Павелецкая', 'line_name': 'Кольцевая', 'station_id': '5.102', 'line_id': '5', 'lat': 55.731414, 'lng': 37.636294}, {'station_name': 'Пролетарская', 'line_name': 'Таганско-Краснопресненская', 'station_id': '7.62', 'line_id': '7', 'lat': 55.731546, 'lng': 37.666917}], 'id': '14141885'}",,,2024-04-15T10:38:16+0300,2024-04-15T10:38:16+0300,False,https://hh.ru/applicant/vacancy_response?vacancyId=93485092,,,https://api.hh.ru/vacancies/93485092?host=hh.ru,https://hh.ru/vacancy/93485092,[],"{'id': '3486', 'name': 'Shkulev Media Holding', 'url': 'https://api.hh.ru/employers/3486', 'alternate_url': 'https://hh.ru/employer/3486', 'logo_urls': {'original': 'https://img.hhcdn.ru/employer-logo-original/949941.png', '240': 'https://img.hhcdn.ru/employer-logo/4240301.png', '90': 'https://img.hhcdn.ru/employer-logo/4240300.png'}, 'vacancies_url': 'https://api.hh.ru/vacancies?employer_id=3486', 'accredited_it_employer': False, 'trusted': True}","{'requirement': 'Желателен опыт работы c GTM. Желательно базовое знание <highlighttext>Python</highlighttext> или готовность учиться. Навыки составления презентаций. Коммуникабельность, внимание к деталям. ', 'responsibility': 'Систематизация и структурирование входящего потока запросов для оценки возможности дальнейшей автоматизации. Помощь в <highlighttext>разработке</highlighttext> системы корпоративной отчетности: - сбор и структурирование...'}",,"{'id': 'fullDay', 'name': 'Полный день'}",[],[],[],False,"[{'id': '10', 'name': 'Аналитик'}]",False,"{'id': 'noExperience', 'name': 'Нет опыта'}","{'id': 'full', 'name': 'Полная занятость'}",,False,,
94089227,False,QA инженер - Старший WEB,,False,False,"{'id': '1', 'name': 'Москва', 'url': 'https://api.hh.ru/areas/1'}","{'from': 180000, 'to': None, 'currency': 'RUR', 'gross': False}","{'id': 'open', 'name': 'Открытая'}",,,,2024-04-15T11:43:29+0300,2024-04-15T11:43:29+0300,False,https://hh.ru/applicant/vacancy_response?vacancyId=94089227,,,https://api.hh.ru/vacancies/94089227?host=hh.ru,https://hh.ru/vacancy/94089227,[],"{'id': '5232964', 'name': 'Ассистагро', 'url': 'https://api.hh.ru/employers/5232964', 'alternate_url': 'https://hh.ru/employer/5232964', 'logo_urls': {'original': 'https://img.hhcdn.ru/employer-logo-original/1256789.jpg', '90': 'https://img.hhcdn.ru/employer-logo/6647486.jpeg', '240': 'https://img.hhcdn.ru/employer-logo/6647487.jpeg'}, 'vacancies_url': 'https://api.hh.ru/vacancies?employer_id=5232964', 'accredited_it_employer': False, 'trusted': True}","{'requirement': 'Опыт менторства <highlighttext>младших</highlighttext> сотрудников своего отдела (обучение, код-ревью автотестов). Можешь самостоятельно взаимодействовать с отделами <highlighttext>разработки</highlighttext>. Можешь читать техническую документацию...', 'responsibility': 'Тестирование UI. Тестирование функционала. Кросс-браузерное тестирование. Можешь предугадывать ошибки в различных браузерах. Знаешь как работать с devtools (помимо проверки...'}",,"{'id': 'remote', 'name': 'Удаленная работа'}",[],[],[],False,"[{'id': '124', 'name': 'Тестировщик'}]",False,"{'id': 'between3And6', 'name': 'От 3 до 6 лет'}","{'id': 'full', 'name': 'Полная занятость'}",,False,,
